_unit_id,_created_at,_id,_started_at,_tainted,_channel,_trust,_worker_id,_country,_region,_city,_ip,address0,address1,company_name0,company_name1,date0,date1,total0,total1,cc_data_0,cc_data_1
692303704,3/20/2015 16:08:12,1594541224,3/20/2015 16:04:14,false,neodev,1,29688539,BGR,"","",89.25.53.195,23 Serangoon Central,535 East Santa Clara St,Grandma's restaurant,Vung Tau,11/11/2011,04/03/2013,22.35,39.15,"{""date""=>""11/11/2011"", ""total""=>""22.35"", ""cc_data_0""=>{""image_url""=>""http://habrastorage.org/files/04d/10d/54d/04d10d54dee242d988d4ff28a8029743.jpg""}, ""address""=>""23 Serangoon Central"", ""company_name""=>""Grandma's Restaurant""}","{""date""=>""04/03/2013"", ""total""=>""39.15"", ""cc_data_0""=>{""image_url""=>""http://habrastorage.org/files/01a/a40/810/01aa40810d044a75a19fbbbfe662a508.jpg""}, ""address""=>""535 East Santa Clara St San Jose,CA"", ""company_name""=>""Vung Tau""}"
692303770,3/20/2015 16:05:35,1594540078,3/20/2015 16:04:15,false,elite,1,31903604,BGR,51,Plovdiv,46.55.139.236,NON,2220 QUEEN ANNE AVE N SEATTLE WA 98109,AZTECA RESTAURANT FINE DINING REST,YING THAI KITCHEN,01/24/2013,07/04/2013,12.14,12.59,"{""date""=>""01/24/2013"", ""total""=>""12.14"", ""cc_data_0""=>{""image_url""=>""http://habrastorage.org/files/f3a/45e/430/f3a45e430d1249e286da92f26a11d489.jpg""}, ""address""=>""--"", ""company_name""=>""Azteca restaurant""}","{""date""=>""07/04/2013"", ""total""=>""12.59"", ""cc_data_0""=>{""image_url""=>""http://habrastorage.org/files/8f5/d0b/cd6/8f5d0bcd699346f09ea9d6905f80361b.png""}, ""address""=>""2220 Queen Anne AVE N Seattle WA 98109"", ""company_name""=>""Ying Thai Kitchen""}"
692303799,3/20/2015 16:08:27,1594541276,3/20/2015 16:04:15,false,neodev,1,31297620,EGY,05,Tanta,41.129.110.114,300 72th street miami beach,280 Bleecker st.,George's Restaurant,fish,01/19/2013,07/03/2012,169.82,30.98,"{""date""=>""01/19/2013"", ""total""=>""169.82"", ""cc_data_0""=>{""image_url""=>""http://habrastorage.org/files/96f/070/0e6/96f0700e6adf4ee19588dec8f3400c5c.jpg""}, ""address""=>""300 72th Street Miami Beach"", ""company_name""=>""George's Restaurant""}","{""date""=>""07/03/2012"", ""total""=>""30.98"", ""cc_data_0""=>{""image_url""=>""http://habrastorage.org/files/d78/35d/be5/d7835dbe5d3849c0a81a9c9d201af979.jpg""}, ""address""=>""280 Bleecker St."", ""company_name""=>""FISH""}"
692303809,3/20/2015 16:07:55,1594541149,3/20/2015 16:04:15,false,gifthunterclub,1,31192880,ESP,51,Fuengirola,79.153.255.14,"79-19 Roosevelt Ave. Jackson Heights, NY 11372","17339 Biscayne Blvd Miami, Fl 33160",COSITAS RICAS,Morton´s The Steakhouse,01/14/2012,01/01/2015,30.45,140.67,"{""date""=>""01/14/2012"", ""total""=>""$30.45"", ""cc_data_0""=>{""image_url""=>""http://habrastorage.org/files/4f9/add/357/4f9add357368491aaab685b336a11870.jpg""}, ""address""=>""79-19 Roosevelt Avenue, Jackson Heights, NY 11372"", ""company_name""=>""Cositas Ricas""}","{""date""=>""01/01/2015"", ""total""=>""140.67"", ""cc_data_0""=>{""image_url""=>""http://habrastorage.org/files/7ec/3b6/a44/7ec3b6a4476842e6a13d42bc8ca11383.jpg""}, ""address""=>""17399 Biscayne Blvd"", ""company_name""=>""Morton's The Steakhouse""}"
692303812,3/20/2015 16:12:07,1594542565,3/20/2015 16:04:16,false,neodev,1,31969790,MUS,"","",197.227.165.114,72 Boat Quay Singapore 049860,"591 CITY ISLAND AVE BRONX, NY 10464",Absinthe,SEASHORE,10/25/2012,03/15/2008,431.95,48.76,"{""date""=>""10/25/2012"", ""total""=>""$431.95"", ""cc_data_0""=>{""image_url""=>""http://habrastorage.org/files/df8/823/f8b/df8823f8be7346a1945047d7128a47b6.jpg""}, ""address""=>""72 Boat Quay Singapore 049860"", ""company_name""=>""Absinthe""}","{""date""=>""03/15/2008"", ""total""=>""48.78"", ""cc_data_0""=>{""image_url""=>""http://habrastorage.org/files/751/760/dc5/751760dc53cb483a85e7704c5a164e2e.jpg""}, ""address""=>""591 CITY ISLAND AVE BRONX,NY 10454"", ""company_name""=>""SEASHORE""}"
692303824,3/20/2015 16:06:58,1594540683,3/20/2015 16:04:17,false,tremorgames,1,31101478,ARG,07,Buenos Aires,181.26.156.126,JASON S,225 EAST 6TH STREET CHARLOTTE NC 28202,LIGHTHOUSE,QUEEN CITY Q,08/22/2009,07/01/2013,153.12,33.00,"{""date""=>""08/22/2009"", ""total""=>""153.12"", ""cc_data_0""=>{""image_url""=>""http://habrastorage.org/files/7d0/5c1/982/7d05c19820ea40028c4b37dc1d245bba.png""}, ""address""=>""JASON S"", ""company_name""=>""LIGHTHOUSE""}","{""date""=>""07/01/2013"", ""total""=>""33.00"", ""cc_data_0""=>{""image_url""=>""http://habrastorage.org/files/1bf/8f2/e72/1bf8f2e728b043d7b5995d17526a4727.jpg""}, ""address""=>""225 EAST 6TH STREET CHARLOTTE, NC 28202"", ""company_name""=>""QUEEN CITY Q""}"
692303836,3/20/2015 16:08:45,1594541395,3/20/2015 16:04:18,false,neodev,1,17984138,SRB,00,Uzice,89.216.114.67,111 North Wabash Chicago.IL. 60602,"Brea, CA 928",STAPLES,FARREL`S ICE CREAM PARLOUR,07/27/2010,06/21/2013,18.65,12.83,"{""date""=>""07/27/2010"", ""total""=>""18.65"", ""cc_data_0""=>{""image_url""=>""http://habrastorage.org/files/1cb/abc/ea5/1cbabcea57c345e7a962d68e54935ad6.jpg""}, ""address""=>""111 North Wabash Chicago.IL 60602"", ""company_name""=>""STAPLES""}","{""date""=>""06/21/2013"", ""total""=>""12.83"", ""cc_data_0""=>{""image_url""=>""http://habrastorage.org/files/e98/6bd/072/e986bd072cec429eaf0949d06c78dfe6.jpg""}, ""address""=>""Brea, CA 92821"", ""company_name""=>""FARREL'S ICE CREAM PARLOUR""}"
692303857,3/20/2015 16:06:30,1594540432,3/20/2015 16:04:18,false,neodev,1,20629202,CZE,90,Slavicin,5.104.19.191,#02-99/101 CIT YPLAZA SINGAPORE 409286,"535 East Santa Clara St Sant Jose, CA",ARNOLD’S FRIED CHICKEN PTE LTD,Vung Tau,40/06/2007,08/22/2013,12.50,20.34,"{""date""=>""14/06/2007"", ""total""=>""12.50"", ""cc_data_0""=>{""image_url""=>""http://habrastorage.org/files/c46/c1b/abe/c46c1babeb7c440c85e5df9accb0280f.jpg""}, ""address""=>""#02-99/101 CITY PLAZA SINGAPORE 409286"", ""company_name""=>""ARNOLD'S FRIED CHICKEN PTE LTD""}","{""date""=>""08/02/2013"", ""total""=>""20.34"", ""cc_data_0""=>{""image_url""=>""http://habrastorage.org/files/29f/00c/e16/29f00ce1662d48cfa5e0ee7c69718278.jpg""}, ""address""=>""535 East Santa Clara St San Jose, CA"", ""company_name""=>""Vung Tau""}"
692303859,3/20/2015 16:11:18,1594542319,3/20/2015 16:04:19,false,neodev,1,31187255,VNM,44,Hanoi,117.1.132.187,"740 E. Valley Blvd. Alhambra, CA 91801",11 Cheong Chin Nam RD,Top Island Seafood Restaurant,Al azhar eating restaurant PTE LTD,04/02/2009,05/25/2012,122.19,47.40,"{""date""=>""04/02/2009"", ""total""=>""122.19"", ""cc_data_0""=>{""image_url""=>""http://habrastorage.org/files/ddd/9ae/db7/ddd9aedb7ac743248a06d7f91a5cee53.jpg""}, ""address""=>""740 E. Valley Blvd. Alhambra, CA 91801"", ""company_name""=>""Top Island Seafood Restaurant""}","{""date""=>""05/25/2012"", ""total""=>""47.40"", ""cc_data_0""=>{""image_url""=>""http://habrastorage.org/files/838/d30/ae4/838d30ae47d647279435bf1ed75d01e3.PNG""}, ""address""=>""11 Cheong Chin Nam RD"", ""company_name""=>""Al azhar eating restaurant PTE LTD""}"
692303863,3/20/2015 16:06:45,1594540545,3/20/2015 16:04:20,false,gifthunterclub,1,31546091,ESP,59,Rentería,95.16.217.39,111 Clare H,103 S. Ogden Street,Hazelton,Ogden Street South,04/11/2009,08/10/2011,123.42,6.50,"{""date""=>""04/11/2009"", ""total""=>""123.42"", ""cc_data_0""=>{""image_url""=>""http://habrastorage.org/files/ad3/01d/7fa/ad301d7fa5464958b006ee9f8764d4eb.jpg""}, ""address""=>""111 Clare H"", ""company_name""=>""Hazelton""}","{""date""=>""08/10/2011"", ""total""=>""6.50"", ""cc_data_0""=>{""image_url""=>""http://habrastorage.org/files/2f7/ca5/252/2f7ca52523f84e9d90d3285f353db60f.jpg""}, ""address""=>""103 S. Ogden Street"", ""company_name""=>""Ogden Street South""}"
692303885,3/20/2015 16:08:12,1594541240,3/20/2015 16:04:20,false,neodev,1,19074389,UKR,08,Krivoy Rog,193.151.12.69,#495 0290 Table 415 #Party 0 Cecilia L SvrCk: 2,Store Sity,BJ'S SAN RAFAEL,Happy Food Company,11/08/2014,01/02/2006,20.16,123.41,"{""date""=>""11/08/2014"", ""total""=>""20.16"", ""cc_data_0""=>{""image_url""=>""http://habrastorage.org/files/67f/175/3a0/67f1753a022e41e0be49857e9183be15.jpg""}, ""address""=>""#495 0290 TABLE 415 #Party 0 CECILIA L SvrCk: 2"", ""company_name""=>""BJ'S SAN RAFAEL""}","{""date""=>""01/02/2006"", ""total""=>""123.41"", ""cc_data_0""=>{""image_url""=>""http://habrastorage.org/files/ae5/215/c07/ae5215c07abd48d1aa710061c65569cc.jpg""}, ""address""=>""Store Location, Store City, Store State, Store Zipcode, Store Country"", ""company_name""=>""Happy Food Company""}"
692303965,3/20/2015 16:07:45,1594541048,3/20/2015 16:04:22,false,neodev,1,31109790,PRT,"","",188.37.86.185,One Mill Street,"1351 S Beach Blvd.,Suite H La Habra, CA 90631",One Mill Street,RICARDO'S EL RANCHITO,01/09/20113,03/01/2014,129.15,7.55,"{""date""=>""01/09/2003"", ""total""=>""129.15"", ""cc_data_0""=>{""image_url""=>""http://habrastorage.org/files/a80/fba/871/a80fba8710514cd19c1e1672c047a5f4.jpg""}, ""address""=>""One Mill Street"", ""company_name""=>""One Mill Street""}","{""date""=>""03/01/2014"", ""total""=>""7.55"", ""cc_data_0""=>{""image_url""=>""http://habrastorage.org/files/158/722/4d7/1587224d72de485eb7aed42070fafdda.jpg""}, ""address""=>""1351 S Beach Blvd., Suite H, La Habra, CA 90631"", ""company_name""=>""RICARDO'S EL RANCHITO""}"
692304014,3/20/2015 16:09:26,1594541572,3/20/2015 16:04:23,false,clixsense,1,29304462,TUR,17,Çanakkale,78.178.172.235,"405 N Vineyard Ave 8A Ontario, CA 91764","310 N Harbor blvd ste 103, Fullerton, CA 92832",Bombay Restaurant Cuisine of India,LIZARRAN,05/04/2014,06/029/2008,22.65,79.47,"{""date""=>""05/04/2014"", ""total""=>""22.65"", ""cc_data_0""=>{""image_url""=>""http://habrastorage.org/files/32e/a2b/84e/32ea2b84e02b4cc68442d84dc7163a17.jpg""}, ""address""=>""405 N Vineyard Ave Ste A Ontario, CA 91764"", ""company_name""=>""Bombay Restaurant Cuisine Of India""}","{""date""=>""06/29/2008"", ""total""=>""79.47"", ""cc_data_0""=>{""image_url""=>""http://habrastorage.org/files/8ad/7df/bb2/8ad7dfbb2fe94e9382770d911744f4e1.jpg""}, ""address""=>""310 N Harbor Blvd Ste 103, Fullerton, CA 92832"", ""company_name""=>""LIZARRAN""}"
692304103,3/20/2015 16:08:44,1594541396,3/20/2015 16:04:24,false,clixsense,1,30954625,BGR,51,Plovdiv,77.77.164.66,"79-19 Roosevelt Ave, Jackson Heights, NY 11372","New York, NY",cositas ricas,yellow cab,01/14/2012,12/12/2014,30.45,90,"{""date""=>""01/14/2012"", ""total""=>""30.45"", ""cc_data_0""=>{""image_url""=>""http://habrastorage.org/files/d60/74d/d17/d6074dd172e74fa2bf97c9d6908615e3.jpg""}, ""address""=>""Jacson Heights, NY 11372"", ""company_name""=>""COSITAS RICAS""}","{""date""=>""12/03/2014"", ""total""=>""90.50"", ""cc_data_0""=>{""image_url""=>""http://habrastorage.org/files/d6f/01f/08c/d6f01f08c21145bbb504e73ba1d849e5.jpg""}, ""address""=>""NEWYORK"", ""company_name""=>""TAXI""}"
692304249,3/20/2015 16:09:38,1594541723,3/20/2015 16:06:21,false,clixsense,1,16134596,ROU,36,Timisoara,79.114.91.180,"311 W, 43 Street New York, NY 10036",none,HAKKASAN,Crabapples Neighborhood Grill & Bar,09/11/2012,08/14/2009,1289.60,0,"{""date""=>""09/11/2012"", ""total""=>""1289.60"", ""cc_data_0""=>{""image_url""=>""http://habrastorage.org/files/ac0/fe7/16b/ac0fe716ba874da591a246c4c2fcdff6.jpg""}, ""address""=>""311W, 43 Street New York, NY 10036"", ""company_name""=>""HAKKASAN""}","{""date""=>""08/14/2009"", ""total""=>""0"", ""cc_data_0""=>{""image_url""=>""http://habrastorage.org/files/22b/f5f/d46/22bf5fd46a41416eb5d6523f52eaa9e0.jpg""}, ""address""=>""none"", ""company_name""=>""Crabapples Neighborhood Grill & Bar""}"
692304416,3/20/2015 16:06:11,1594540293,3/20/2015 16:04:24,false,neodev,1,29969742,ESP,54,Borox,83.58.253.178,na,39-41 silbury arcade milton keynes mk9 3ag,na,giraffe,01/01/2001,02/26/2009,645.70,62.41,"{""date""=>""01/01/2001"", ""total""=>""645.70"", ""cc_data_0""=>{""image_url""=>""http://habrastorage.org/files/31b/ab5/5cf/31bab55cfadc456a9c9901b9bf806bbe.jpg""}, ""address""=>""Na"", ""company_name""=>""Na""}","{""date""=>""02/26/2009"", ""total""=>""62.55"", ""cc_data_0""=>{""image_url""=>""http://habrastorage.org/files/b4a/3e3/644/b4a3e36449be4afd9d24dcf873e04a5d.jpg""}, ""address""=>""39-41 Silbury Arcade Centre, Milton Keynes  MK9 3AG"", ""company_name""=>""Giraffe""}"
692304472,3/20/2015 16:07:46,1594541062,3/20/2015 16:04:24,false,clixsense,1,31123552,BGR,54,Shumen,212.233.138.157,Na,1007 Kane Concourse 305 861 2222,Na,Asia Bay,01/01/2001,12/09/2012,53.32,65.66,"{""date""=>""01/01/2001"", ""total""=>""53.32"", ""cc_data_0""=>{""image_url""=>""http://habrastorage.org/files/912/edd/443/912edd4438374881b1717249568f792c.jpg""}, ""address""=>""Na"", ""company_name""=>""Na""}","{""date""=>""12/09/2012"", ""total""=>""65.66"", ""cc_data_0""=>{""image_url""=>""http://habrastorage.org/files/135/cd3/eca/135cd3ecab0646f2b2cd7924b1e0105f.jpg""}, ""address""=>""1007 Kane Concourse 305 861-2222"", ""company_name""=>""Asia Bay""}"
692305269,3/20/2015 16:08:16,1594541242,3/20/2015 16:04:25,false,neodev,1,31817094,IND,25,Chennai,117.208.211.151,Up town 5,123 Lakesied Way,Golden Arches Restaurants Sdn Bhd,The Coffee Connection,05/10/2013,11/10/2013,11.10,62.04,"{""date""=>""05/10/2013"", ""total""=>""11.10"", ""cc_data_0""=>{""image_url""=>""http://habrastorage.org/files/c63/77a/d17/c6377ad17bd64e218b07b6d05369cc06.jpg""}, ""address""=>""Up town 5"", ""company_name""=>""Golden Arches Restaurants Sdn Bhd""}","{""date""=>""11/10/2013"", ""total""=>""62.04"", ""cc_data_0""=>{""image_url""=>""http://habrastorage.org/files/4f5/42b/238/4f542b2382314659b6171bb2dab65d55.jpg""}, ""address""=>""123  Lakeside Way"", ""company_name""=>""The Coffee Connection""}"
692305657,3/20/2015 16:09:54,1594541796,3/20/2015 16:04:26,false,neodev,1,31355178,UKR,18,Poltava,87.244.163.64,Store# 1394,"250 Walnut Street Englewood,NJ 07631",MCDONALDS,The Foodman Cafe,05/22/2013,08/07/2010,"29,46",31.77,"{""date""=>""05/22/2013"", ""total""=>""29.46"", ""cc_data_0""=>{""image_url""=>""http://habrastorage.org/files/b32/666/525/b326665253224936be2aadc4ea4ee9d4.JPG""}, ""address""=>""Store# 1394"", ""company_name""=>""MCDONALDS""}","{""date""=>""08/07/2010"", ""total""=>""31.77"", ""cc_data_0""=>{""image_url""=>""http://habrastorage.org/files/6b8/7cf/eae/6b87cfeae5c240ee9fbc225a5cba727e.jpg""}, ""address""=>""250 Walnut Street Englewood, NJ 07631"", ""company_name""=>""The Foodman Cafe""}"
