_unit_id,_created_at,_id,_started_at,_tainted,_channel,_trust,_worker_id,_country,_region,_city,_ip,address0,address1,company_name0,company_name1,date0,date1,total0,total1,cc_data_0,cc_data_1
691992952,3/19/2015 15:06:47,1593960543,3/19/2015 15:03:48,false,elite,1.0,31253098,BIH,01,Zenica,5.43.99.180,location #495,"103 s ogden street denver, co 80209",Bj's san rafael,ogden street south,11/08/14,08/10/2011,20.16,6.50,"{""date""=>""11/08/2014"", ""total""=>""20.16"", ""cc_data_0""=>{""image_url""=>""http://habrastorage.org/files/67f/175/3a0/67f1753a022e41e0be49857e9183be15.jpg""}, ""address""=>""LOCATION #495"", ""company_name""=>""BJ'S SAN RAFAEL""}","{""date""=>""08/10/2011"", ""total""=>""6.50"", ""cc_data_0""=>{""image_url""=>""http://habrastorage.org/files/2f7/ca5/252/2f7ca52523f84e9d90d3285f353db60f.jpg""}, ""address""=>""103 s ogden street denver CO 80209"", ""company_name""=>""ogden street south""}"
691992953,3/19/2015 15:06:26,1593960362,3/19/2015 15:03:49,false,clixsense,1.0,24813188,POL,83,Gliwice,178.37.58.55,ONE MILL STREET,"Brea, CA 92821",ONE MILL STREET,Farrell's,01/09/2003,06/21/2013,129.15,12.83,"{""date""=>""01/09/2003"", ""total""=>""129.15"", ""cc_data_0""=>{""image_url""=>""http://habrastorage.org/files/a80/fba/871/a80fba8710514cd19c1e1672c047a5f4.jpg""}, ""address""=>""One Mill Street"", ""company_name""=>""One Mill Street""}","{""date""=>""06/21/2013"", ""total""=>""12.83"", ""cc_data_0""=>{""image_url""=>""http://habrastorage.org/files/e98/6bd/072/e986bd072cec429eaf0949d06c78dfe6.jpg""}, ""address""=>""Brea CA 92821"", ""company_name""=>""Farrell's""}"
691992954,3/19/2015 15:36:14,1593975396,3/19/2015 15:33:53,false,clixsense,1.0,21899441,BGR,61,Varna,46.10.117.236,-,"535 East Santa Clara St,San Jose,CA",-,Vung Tau,01/01/2015,04/03/2013,645.75,39.15,"{""date""=>""01/01/2015"", ""total""=>""645.70"", ""cc_data_0""=>{""image_url""=>""http://habrastorage.org/files/31b/ab5/5cf/31bab55cfadc456a9c9901b9bf806bbe.jpg""}, ""address""=>""-"", ""company_name""=>""-""}","{""date""=>""04/03/2013"", ""total""=>""39.15"", ""cc_data_0""=>{""image_url""=>""http://habrastorage.org/files/01a/a40/810/01aa40810d044a75a19fbbbfe662a508.jpg""}, ""address""=>""535 East Santa Clara St, San Jose, CA"", ""company_name""=>""Vung Tau""}"
691992955,3/19/2015 15:06:13,1593960309,3/19/2015 15:03:52,false,neodev,1.0,30150704,VNM,44,Hanoi,101.99.10.9,"225 EAST 6TH STREET CHARLOTTE, NC 28202",300 72th Street Miami Beach fl 33141,QUEEN CITY Q,George's Restaurant,07/01/2013,01/19/2013,33.00,169.82,"{""date""=>""07/01/2013"", ""total""=>""33.00"", ""cc_data_0""=>{""image_url""=>""http://habrastorage.org/files/1bf/8f2/e72/1bf8f2e728b043d7b5995d17526a4727.jpg""}, ""address""=>""225 EAST 6TH STREET CHARLOTTE, NC 28202"", ""company_name""=>""QUEEN CITY Q""}","{""date""=>""01/19/2013"", ""total""=>""169.82"", ""cc_data_0""=>{""image_url""=>""http://habrastorage.org/files/96f/070/0e6/96f0700e6adf4ee19588dec8f3400c5c.jpg""}, ""address""=>""300 72th Street Miami Beach fl 33141"", ""company_name""=>""George's Restaurant""}"
691992958,3/19/2015 15:06:49,1593960581,3/19/2015 15:04:48,false,elite,1.0,31727423,VNM,20,Saigon,27.3.0.159,280 BLEECKER ST. NEWYORK,1007 KANE CONCOURSE,FISH,ASIA BAY,07/03/2012,12/09/2012,30.98,65.66,"{""date""=>""07/03/2012"", ""total""=>""30.98"", ""cc_data_0""=>{""image_url""=>""http://habrastorage.org/files/d78/35d/be5/d7835dbe5d3849c0a81a9c9d201af979.jpg""}, ""address""=>""280 Bleeker Street, New York NY 100014"", ""company_name""=>""Fish""}","{""date""=>""12/09/2012"", ""total""=>""65.66"", ""cc_data_0""=>{""image_url""=>""http://habrastorage.org/files/135/cd3/eca/135cd3ecab0646f2b2cd7924b1e0105f.jpg""}, ""address""=>""1007 Kane Concourse"", ""company_name""=>""Asia Bay""}"
691992960,3/19/2015 15:37:29,1593975898,3/19/2015 15:36:24,false,neodev,1.0,30743863,GRC,"","",178.147.132.91,NEW YORK,FINE DINING REST.,YELLOW CAR NY,AZTECA RESTAURANT,12/12/2015,01/24/2013,90.50,12.14,"{""date""=>""12/12/2015"", ""total""=>""90.50"", ""cc_data_0""=>{""image_url""=>""http://habrastorage.org/files/d6f/01f/08c/d6f01f08c21145bbb504e73ba1d849e5.jpg""}, ""address""=>""new york"", ""company_name""=>""yelow car  nyc""}","{""date""=>""01/24/2013"", ""total""=>""12.14"", ""cc_data_0""=>{""image_url""=>""http://habrastorage.org/files/f3a/45e/430/f3a45e430d1249e286da92f26a11d489.jpg""}, ""address""=>""FINE DINING REST."", ""company_name""=>""AZTECA RESTAURANT""}"
691992962,3/19/2015 15:07:18,1593960850,3/19/2015 15:04:51,false,elite,1.0,28211321,PER,15,Lima,190.43.138.134,23 Serangon Central,CITY PLAZA,Grandma's Restaurant,ARNOLD'S FRIED CHICKEN,11/11/2011,14/06/2007,22.35,12.50,"{""date""=>""11/11/2011"", ""total""=>""22.35"", ""cc_data_0""=>{""image_url""=>""http://habrastorage.org/files/04d/10d/54d/04d10d54dee242d988d4ff28a8029743.jpg""}, ""address""=>""23 Serangoon Central #B1-15 Serangoon NEX S(556083)"", ""company_name""=>""Grandma's Restaurant""}","{""date""=>""14/06/2007"", ""total""=>""12.5"", ""cc_data_0""=>{""image_url""=>""http://habrastorage.org/files/c46/c1b/abe/c46c1babeb7c440c85e5df9accb0280f.jpg""}, ""address""=>""101 CITY PLAZA SINGAPORE"", ""company_name""=>""ARNOLD'S FRIED CHICKEN PIE LTD""}"
691992963,3/19/2015 15:10:56,1593962644,3/19/2015 15:06:07,false,neodev,1.0,20559745,IDN,04,Jakarta,202.62.16.130,"405 N Vineyard Ave #A, Ontario, CA 91764",NEIGHBORHOOD GRILL & BAR,Bombay Restaurant Cuisine of India,Crabapples,05/04/2014,08/14/2009,22.65,85.39,"{""date""=>""05/04/2014"", ""total""=>""22.65"", ""cc_data_0""=>{""image_url""=>""http://habrastorage.org/files/32e/a2b/84e/32ea2b84e02b4cc68442d84dc7163a17.jpg""}, ""address""=>""405 N Vineyard Ave #A Ontario, CA 91764"", ""company_name""=>""Bombay Restaurant""}","{""date""=>""08/14/2009"", ""total""=>""85.39"", ""cc_data_0""=>{""image_url""=>""http://habrastorage.org/files/22b/f5f/d46/22bf5fd46a41416eb5d6523f52eaa9e0.jpg""}, ""address""=>""neighborhood grill&bar"", ""company_name""=>""crabapples""}"
691992976,3/19/2015 15:09:06,1593961726,3/19/2015 15:04:52,false,neodev,1.0,31643524,IND,38,Ranchi,103.16.104.249,"Store city,Store State, Store Zipcode, Store Country","740 E. Valley Blvd. Alhanbra, CA 91801",Happy food company,Top Island Seafood Restaurant,01/02/2006,04/02/2009,123.41,122.19,"{""date""=>""01/02/2006"", ""total""=>""123.41"", ""cc_data_0""=>{""image_url""=>""http://habrastorage.org/files/ae5/215/c07/ae5215c07abd48d1aa710061c65569cc.jpg""}, ""address""=>""store city, store state, store zipcode, store country"", ""company_name""=>""Happy Food Company""}","{""date""=>""04/02/2009"", ""total""=>""122.19"", ""cc_data_0""=>{""image_url""=>""http://habrastorage.org/files/ddd/9ae/db7/ddd9aedb7ac743248a06d7f91a5cee53.jpg""}, ""address""=>""Alhanbra,CA 91801"", ""company_name""=>""Top Island Seafood Restaurant 740 E,Valley Blvd.""}"
691992995,3/19/2015 15:09:20,1593961908,3/19/2015 15:04:53,false,neodev,1.0,31655403,HRV,10,Osijek,95.178.175.129,11 CHEONG CHIN NAM RD SINGAPORE 599736,111 CLARE H,AL AZHAR EATING RESTAURANT PTE LTD,HAZELTON,05/25/2012,04/11/2009,47.40,123.42,"{""date""=>""05/25/2012"", ""total""=>""47.40"", ""cc_data_0""=>{""image_url""=>""http://habrastorage.org/files/838/d30/ae4/838d30ae47d647279435bf1ed75d01e3.PNG""}, ""address""=>""11 CHEONG CHIN NAM RD SINGAPORE 599736"", ""company_name""=>""AL AZHAR EATING RESTAURANT PTE LTD""}","{""date""=>""04/09/2011"", ""total""=>""123.42"", ""cc_data_0""=>{""image_url""=>""http://habrastorage.org/files/ad3/01d/7fa/ad301d7fa5464958b006ee9f8764d4eb.jpg""}, ""address""=>""111 Clare h"", ""company_name""=>""HAZELTON""}"
691993022,3/19/2015 15:09:36,1593962053,3/19/2015 15:05:57,false,clixsense,1.0,32035917,IND,35,Indore,122.168.144.97,310 n harbor blvd fullerton ca92832,123 lakeride way,lizarran,the coffee connection,06/19-2013,10/11/2013,79.74,62.04,"{""date""=>""06/29/2008"", ""total""=>""79.47"", ""cc_data_0""=>{""image_url""=>""http://habrastorage.org/files/8ad/7df/bb2/8ad7dfbb2fe94e9382770d911744f4e1.jpg""}, ""address""=>""310 N Harbor Blvd Fullerton, CA 92832"", ""company_name""=>""Lizarran""}","{""date""=>""10/11/2013"", ""total""=>""62.04"", ""cc_data_0""=>{""image_url""=>""http://habrastorage.org/files/4f5/42b/238/4f542b2382314659b6171bb2dab65d55.jpg""}, ""address""=>""123 lakeside way"", ""company_name""=>""the coffee connection""}"
691993042,3/19/2015 15:13:04,1593963601,3/19/2015 15:05:58,false,neodev,1.0,30360734,IND,28,Sainthia,150.129.66.241,"79-19 roosevelt Ave. jackson Heights, NY 11372",72 Boat Quey Singapore 049860,cositas ricas,Absinthe,1/14/2012,09/25/2012,30.45,431.95,"{""date""=>""01/14/2012"", ""total""=>""30.45"", ""cc_data_0""=>{""image_url""=>""http://habrastorage.org/files/4f9/add/357/4f9add357368491aaab685b336a11870.jpg""}, ""address""=>""79-19 Rooseve lt Ave. Jackson Heights,NY 11372"", ""company_name""=>""COSITAS RICAS""}","{""date""=>""09/25/2012"", ""total""=>""431.95"", ""cc_data_0""=>{""image_url""=>""http://habrastorage.org/files/df8/823/f8b/df8823f8be7346a1945047d7128a47b6.jpg""}, ""address""=>""72 Bout Quay Singapore 049860"", ""company_name""=>""Absinthe""}"
691993047,3/19/2015 15:07:13,1593960818,3/19/2015 15:05:59,false,clixsense,1.0,21899441,BGR,61,Varna,46.10.117.236,"535 east santa clara st, san jose, CA",39-41 Silbury Arcade Milton Keynes MK9 3AG,vung tau,giraffe,08/22/2013,02/26/2009,20.34,62.55,"{""date""=>""08/22/2013"", ""total""=>""20.34"", ""cc_data_0""=>{""image_url""=>""http://habrastorage.org/files/29f/00c/e16/29f00ce1662d48cfa5e0ee7c69718278.jpg""}, ""address""=>""535 east santa clara st, san jose, CA"", ""company_name""=>""vung tau""}","{""date""=>""02/26/2009"", ""total""=>""62.55"", ""cc_data_0""=>{""image_url""=>""http://habrastorage.org/files/b4a/3e3/644/b4a3e36449be4afd9d24dcf873e04a5d.jpg""}, ""address""=>""39-41 Silbury Arcade Milton Keynes MK9 3AG"", ""company_name""=>""giraffe""}"
691993098,3/19/2015 15:09:37,1593962060,3/19/2015 15:06:03,false,neodev,1.0,27686790,VNM,44,Hanoi,117.0.244.15,"591 city island ave bronx, NY 10464",250 walnut street englewood NJ 07631,seashore,the foodman cafe,08/03/2015,08/07/2010,48.76,31.77,"{""date""=>""08/03/2015"", ""total""=>""48.76"", ""cc_data_0""=>{""image_url""=>""http://habrastorage.org/files/751/760/dc5/751760dc53cb483a85e7704c5a164e2e.jpg""}, ""address""=>""591 CITY ISLAND AVE BRONX NY 10464"", ""company_name""=>""SEASHORE""}","{""date""=>""08/07/2010"", ""total""=>""31.77"", ""cc_data_0""=>{""image_url""=>""http://habrastorage.org/files/6b8/7cf/eae/6b87cfeae5c240ee9fbc225a5cba727e.jpg""}, ""address""=>""250 Walnut Street Englewood, NJ 07631"", ""company_name""=>""The Foodman Cafe""}"
691997559,3/19/2015 15:33:07,1593973939,3/19/2015 15:21:38,false,clixsense,1.0,21899441,BGR,61,Varna,46.10.117.236,"1351 S Beach Vlvd. Suite H La Habra, CA 90631","79-19 Roosevelt Ave, Jackson Heights, NY 11372",RICARDO'S EL RANCHITO,Cositas Ricas,03/01/2014,01/01/2014,7.55,30.45,"{""date""=>""03/01/2014"", ""total""=>""7.55"", ""cc_data_0""=>{""image_url""=>""http://habrastorage.org/files/158/722/4d7/1587224d72de485eb7aed42070fafdda.jpg""}, ""address""=>""1351 S Beach Blvd. Suite H La Habra, CA 90631"", ""company_name""=>""RICARDO'S EL RANCHITO""}","{""date""=>""01/01/2014"", ""total""=>""30.45"", ""cc_data_0""=>{""image_url""=>""http://habrastorage.org/files/d60/74d/d17/d6074dd172e74fa2bf97c9d6908615e3.jpg""}, ""address""=>""79-19 Roosevelt Ave, Jackson Heights, NY 11372"", ""company_name""=>""Cositas Ricas""}"
691998742,3/19/2015 15:38:11,1593976212,3/19/2015 15:36:31,false,clixsense,1.0,21899441,BGR,61,Varna,46.10.117.236,uptown 5,"17399 Biscayne Blvd Miami, FL 33160",Golden arches restaurants,Marton's The Steakhouse,10/05/2013,01/05/2010,11.08,140.67,"{""date""=>""10/05/2013"", ""total""=>""11.08"", ""cc_data_0""=>{""image_url""=>""http://habrastorage.org/files/c63/77a/d17/c6377ad17bd64e218b07b6d05369cc06.jpg""}, ""address""=>""uptown 5"", ""company_name""=>""Golden arches restaurants""}","{""date""=>""01/05/2010"", ""total""=>""140.67"", ""cc_data_0""=>{""image_url""=>""http://habrastorage.org/files/7ec/3b6/a44/7ec3b6a4476842e6a13d42bc8ca11383.jpg""}, ""address""=>""17399 Biscayne Blvd Miami,FL 33160"", ""company_name""=>""Marton's The Steakhouse""}"
692001498,3/19/2015 16:45:30,1594002660,3/19/2015 16:33:24,false,neodev,1.0,21353389,LVA,25,Riga,77.38.251.50,not readable,"311 W, 43 Street New York, NY 10036",not readable,HAKKASAN,not readable,09/11/2012,not readable,1289.60,"{""date""=>""01/01/2011"", ""total""=>""not readable"", ""cc_data_0""=>{""image_url""=>""http://habrastorage.org/files/961/680/6c0/9616806c02e14161a2026e2dd8c212b8.jpg""}, ""address""=>""not readable"", ""company_name""=>""not readable""}","{""date""=>""09/11/2012"", ""total""=>""1289.60"", ""cc_data_0""=>{""image_url""=>""http://habrastorage.org/files/ac0/fe7/16b/ac0fe716ba874da591a246c4c2fcdff6.jpg""}, ""address""=>""311W. 43 Street New York, NY, 10036"", ""company_name""=>""HAKKASAN""}"
692011304,3/19/2015 17:38:04,1594020904,3/19/2015 17:35:40,false,tremorgames,1.0,30555620,RUS,76,Tula,128.74.47.46,N/A,N/A,lighthouse restaurant,N/A,08/22/2009,10/17/2013,153.12,53.32,"{""date""=>""08/22/2009"", ""total""=>""153.12"", ""cc_data_0""=>{""image_url""=>""http://habrastorage.org/files/7d0/5c1/982/7d05c19820ea40028c4b37dc1d245bba.png""}, ""address""=>""N/A"", ""company_name""=>""Lighthouse Restaurant""}","{""date""=>""10/17/2013"", ""total""=>""53.32"", ""cc_data_0""=>{""image_url""=>""http://habrastorage.org/files/912/edd/443/912edd4438374881b1717249568f792c.jpg""}, ""address""=>""N/A"", ""company_name""=>""N/A""}"
