_unit_id,_created_at,_id,_started_at,_tainted,_channel,_trust,_worker_id,_country,_region,_city,_ip,spending_type0,spending_type1,spending_type2,spending_type3,cc_data_0,cc_data_1,cc_data_2,cc_data_3
692303772,3/20/2015 16:04:35,1594539585,3/20/2015 16:04:02,false,neodev,1.0,31722369,GRC,"","",2.84.249.188,Meal,Other,Meal,Meal,"{""date""=>""11/11/2011"", ""total""=>""22.35"", ""cc_data_0""=>{""image_url""=>""http://habrastorage.org/files/04d/10d/54d/04d10d54dee242d988d4ff28a8029743.jpg""}, ""address""=>""23 Serangoon Central"", ""company_name""=>""Grandma's Restaurant""}","{""date""=>""04/03/2013"", ""total""=>""39.15"", ""cc_data_0""=>{""image_url""=>""http://habrastorage.org/files/01a/a40/810/01aa40810d044a75a19fbbbfe662a508.jpg""}, ""address""=>""535 East Santa Clara St San Jose,CA"", ""company_name""=>""Vung Tau""}","{""date""=>""01/24/2013"", ""total""=>""12.14"", ""cc_data_0""=>{""image_url""=>""http://habrastorage.org/files/f3a/45e/430/f3a45e430d1249e286da92f26a11d489.jpg""}, ""address""=>""--"", ""company_name""=>""Azteca restaurant""}","{""date""=>""07/04/2013"", ""total""=>""12.59"", ""cc_data_0""=>{""image_url""=>""http://habrastorage.org/files/8f5/d0b/cd6/8f5d0bcd699346f09ea9d6905f80361b.png""}, ""address""=>""2220 Queen Anne AVE N Seattle WA 98109"", ""company_name""=>""Ying Thai Kitchen""}"
692303810,3/20/2015 16:04:34,1594539588,3/20/2015 16:04:03,false,clixsense,1.0,14472685,IND,02,Vijayawada,175.101.67.168,Meal,Meal,Meal,Meal,"{""date""=>""01/19/2013"", ""total""=>""169.82"", ""cc_data_0""=>{""image_url""=>""http://habrastorage.org/files/96f/070/0e6/96f0700e6adf4ee19588dec8f3400c5c.jpg""}, ""address""=>""300 72th Street Miami Beach"", ""company_name""=>""George's Restaurant""}","{""date""=>""07/03/2012"", ""total""=>""30.98"", ""cc_data_0""=>{""image_url""=>""http://habrastorage.org/files/d78/35d/be5/d7835dbe5d3849c0a81a9c9d201af979.jpg""}, ""address""=>""280 Bleecker St."", ""company_name""=>""FISH""}","{""date""=>""01/14/2012"", ""total""=>""$30.45"", ""cc_data_0""=>{""image_url""=>""http://habrastorage.org/files/4f9/add/357/4f9add357368491aaab685b336a11870.jpg""}, ""address""=>""79-19 Roosevelt Avenue, Jackson Heights, NY 11372"", ""company_name""=>""Cositas Ricas""}","{""date""=>""01/01/2015"", ""total""=>""140.67"", ""cc_data_0""=>{""image_url""=>""http://habrastorage.org/files/7ec/3b6/a44/7ec3b6a4476842e6a13d42bc8ca11383.jpg""}, ""address""=>""17399 Biscayne Blvd"", ""company_name""=>""Morton's The Steakhouse""}"
692303825,3/20/2015 16:04:51,1594539773,3/20/2015 16:04:03,false,neodev,1.0,30664718,VEN,25,Caracas,186.95.149.222,Meal,Meal,Meal,Meal,"{""date""=>""10/25/2012"", ""total""=>""$431.95"", ""cc_data_0""=>{""image_url""=>""http://habrastorage.org/files/df8/823/f8b/df8823f8be7346a1945047d7128a47b6.jpg""}, ""address""=>""72 Boat Quay Singapore 049860"", ""company_name""=>""Absinthe""}","{""date""=>""03/15/2008"", ""total""=>""48.78"", ""cc_data_0""=>{""image_url""=>""http://habrastorage.org/files/751/760/dc5/751760dc53cb483a85e7704c5a164e2e.jpg""}, ""address""=>""591 CITY ISLAND AVE BRONX,NY 10454"", ""company_name""=>""SEASHORE""}","{""date""=>""08/22/2009"", ""total""=>""153.12"", ""cc_data_0""=>{""image_url""=>""http://habrastorage.org/files/7d0/5c1/982/7d05c19820ea40028c4b37dc1d245bba.png""}, ""address""=>""JASON S"", ""company_name""=>""LIGHTHOUSE""}","{""date""=>""07/01/2013"", ""total""=>""33.00"", ""cc_data_0""=>{""image_url""=>""http://habrastorage.org/files/1bf/8f2/e72/1bf8f2e728b043d7b5995d17526a4727.jpg""}, ""address""=>""225 EAST 6TH STREET CHARLOTTE, NC 28202"", ""company_name""=>""QUEEN CITY Q""}"
692303858,3/20/2015 16:05:17,1594539982,3/20/2015 16:04:04,false,elite,1.0,31045932,TUR,16,Bursa,78.177.77.151,Other,Meal,Meal,Meal,"{""date""=>""07/27/2010"", ""total""=>""18.65"", ""cc_data_0""=>{""image_url""=>""http://habrastorage.org/files/1cb/abc/ea5/1cbabcea57c345e7a962d68e54935ad6.jpg""}, ""address""=>""111 North Wabash Chicago.IL 60602"", ""company_name""=>""STAPLES""}","{""date""=>""06/21/2013"", ""total""=>""12.83"", ""cc_data_0""=>{""image_url""=>""http://habrastorage.org/files/e98/6bd/072/e986bd072cec429eaf0949d06c78dfe6.jpg""}, ""address""=>""Brea, CA 92821"", ""company_name""=>""FARREL'S ICE CREAM PARLOUR""}","{""date""=>""14/06/2007"", ""total""=>""12.50"", ""cc_data_0""=>{""image_url""=>""http://habrastorage.org/files/c46/c1b/abe/c46c1babeb7c440c85e5df9accb0280f.jpg""}, ""address""=>""#02-99/101 CITY PLAZA SINGAPORE 409286"", ""company_name""=>""ARNOLD'S FRIED CHICKEN PTE LTD""}","{""date""=>""08/02/2013"", ""total""=>""20.34"", ""cc_data_0""=>{""image_url""=>""http://habrastorage.org/files/29f/00c/e16/29f00ce1662d48cfa5e0ee7c69718278.jpg""}, ""address""=>""535 East Santa Clara St San Jose, CA"", ""company_name""=>""Vung Tau""}"
692303864,3/20/2015 16:05:06,1594539912,3/20/2015 16:04:05,false,neodev,1.0,31651333,COL,20,Pasto,190.254.4.233,Meal,Meal,Meal,Meal,"{""date""=>""04/02/2009"", ""total""=>""122.19"", ""cc_data_0""=>{""image_url""=>""http://habrastorage.org/files/ddd/9ae/db7/ddd9aedb7ac743248a06d7f91a5cee53.jpg""}, ""address""=>""740 E. Valley Blvd. Alhambra, CA 91801"", ""company_name""=>""Top Island Seafood Restaurant""}","{""date""=>""05/25/2012"", ""total""=>""47.40"", ""cc_data_0""=>{""image_url""=>""http://habrastorage.org/files/838/d30/ae4/838d30ae47d647279435bf1ed75d01e3.PNG""}, ""address""=>""11 Cheong Chin Nam RD"", ""company_name""=>""Al azhar eating restaurant PTE LTD""}","{""date""=>""04/11/2009"", ""total""=>""123.42"", ""cc_data_0""=>{""image_url""=>""http://habrastorage.org/files/ad3/01d/7fa/ad301d7fa5464958b006ee9f8764d4eb.jpg""}, ""address""=>""111 Clare H"", ""company_name""=>""Hazelton""}","{""date""=>""08/10/2011"", ""total""=>""6.50"", ""cc_data_0""=>{""image_url""=>""http://habrastorage.org/files/2f7/ca5/252/2f7ca52523f84e9d90d3285f353db60f.jpg""}, ""address""=>""103 S. Ogden Street"", ""company_name""=>""Ogden Street South""}"
692303966,3/20/2015 16:07:39,1594541003,3/20/2015 16:04:08,false,neodev,1.0,17549981,PRT,"","",93.102.204.52,Meal,Other,Other,Meal,"{""date""=>""11/08/2014"", ""total""=>""20.16"", ""cc_data_0""=>{""image_url""=>""http://habrastorage.org/files/67f/175/3a0/67f1753a022e41e0be49857e9183be15.jpg""}, ""address""=>""#495 0290 TABLE 415 #Party 0 CECILIA L SvrCk: 2"", ""company_name""=>""BJ'S SAN RAFAEL""}","{""date""=>""01/02/2006"", ""total""=>""123.41"", ""cc_data_0""=>{""image_url""=>""http://habrastorage.org/files/ae5/215/c07/ae5215c07abd48d1aa710061c65569cc.jpg""}, ""address""=>""Store Location, Store City, Store State, Store Zipcode, Store Country"", ""company_name""=>""Happy Food Company""}","{""date""=>""01/09/2003"", ""total""=>""129.15"", ""cc_data_0""=>{""image_url""=>""http://habrastorage.org/files/a80/fba/871/a80fba8710514cd19c1e1672c047a5f4.jpg""}, ""address""=>""One Mill Street"", ""company_name""=>""One Mill Street""}","{""date""=>""03/01/2014"", ""total""=>""7.55"", ""cc_data_0""=>{""image_url""=>""http://habrastorage.org/files/158/722/4d7/1587224d72de485eb7aed42070fafdda.jpg""}, ""address""=>""1351 S Beach Blvd., Suite H, La Habra, CA 90631"", ""company_name""=>""RICARDO'S EL RANCHITO""}"
692304105,3/20/2015 16:04:49,1594539755,3/20/2015 16:04:06,false,prodege,1.0,14571439,CAN,ON,Toronto,142.20.20.193,Meal,Meal,Meal,Transportation,"{""date""=>""05/04/2014"", ""total""=>""22.65"", ""cc_data_0""=>{""image_url""=>""http://habrastorage.org/files/32e/a2b/84e/32ea2b84e02b4cc68442d84dc7163a17.jpg""}, ""address""=>""405 N Vineyard Ave Ste A Ontario, CA 91764"", ""company_name""=>""Bombay Restaurant Cuisine Of India""}","{""date""=>""06/29/2008"", ""total""=>""79.47"", ""cc_data_0""=>{""image_url""=>""http://habrastorage.org/files/8ad/7df/bb2/8ad7dfbb2fe94e9382770d911744f4e1.jpg""}, ""address""=>""310 N Harbor Blvd Ste 103, Fullerton, CA 92832"", ""company_name""=>""LIZARRAN""}","{""date""=>""01/14/2012"", ""total""=>""30.45"", ""cc_data_0""=>{""image_url""=>""http://habrastorage.org/files/d60/74d/d17/d6074dd172e74fa2bf97c9d6908615e3.jpg""}, ""address""=>""Jacson Heights, NY 11372"", ""company_name""=>""COSITAS RICAS""}","{""date""=>""12/03/2014"", ""total""=>""90.50"", ""cc_data_0""=>{""image_url""=>""http://habrastorage.org/files/d6f/01f/08c/d6f01f08c21145bbb504e73ba1d849e5.jpg""}, ""address""=>""NEWYORK"", ""company_name""=>""TAXI""}"
692304417,3/20/2015 16:11:17,1594542321,3/20/2015 16:04:09,false,neodev,1.0,13246609,TUR,"","",78.164.169.198,Meal,Meal,Other,Meal,"{""date""=>""09/11/2012"", ""total""=>""1289.60"", ""cc_data_0""=>{""image_url""=>""http://habrastorage.org/files/ac0/fe7/16b/ac0fe716ba874da591a246c4c2fcdff6.jpg""}, ""address""=>""311W, 43 Street New York, NY 10036"", ""company_name""=>""HAKKASAN""}","{""date""=>""08/14/2009"", ""total""=>""0"", ""cc_data_0""=>{""image_url""=>""http://habrastorage.org/files/22b/f5f/d46/22bf5fd46a41416eb5d6523f52eaa9e0.jpg""}, ""address""=>""none"", ""company_name""=>""Crabapples Neighborhood Grill & Bar""}","{""date""=>""01/01/2001"", ""total""=>""645.70"", ""cc_data_0""=>{""image_url""=>""http://habrastorage.org/files/31b/ab5/5cf/31bab55cfadc456a9c9901b9bf806bbe.jpg""}, ""address""=>""Na"", ""company_name""=>""Na""}","{""date""=>""02/26/2009"", ""total""=>""62.55"", ""cc_data_0""=>{""image_url""=>""http://habrastorage.org/files/b4a/3e3/644/b4a3e36449be4afd9d24dcf873e04a5d.jpg""}, ""address""=>""39-41 Silbury Arcade Centre, Milton Keynes  MK9 3AG"", ""company_name""=>""Giraffe""}"
692305271,3/20/2015 16:05:45,1594540193,3/20/2015 16:04:09,false,clixsense,1.0,29253445,IND,16,Nasik,117.212.196.150,Meal,Meal,Meal,Meal,"{""date""=>""01/01/2001"", ""total""=>""53.32"", ""cc_data_0""=>{""image_url""=>""http://habrastorage.org/files/912/edd/443/912edd4438374881b1717249568f792c.jpg""}, ""address""=>""Na"", ""company_name""=>""Na""}","{""date""=>""12/09/2012"", ""total""=>""65.66"", ""cc_data_0""=>{""image_url""=>""http://habrastorage.org/files/135/cd3/eca/135cd3ecab0646f2b2cd7924b1e0105f.jpg""}, ""address""=>""1007 Kane Concourse 305 861-2222"", ""company_name""=>""Asia Bay""}","{""date""=>""05/10/2013"", ""total""=>""11.10"", ""cc_data_0""=>{""image_url""=>""http://habrastorage.org/files/c63/77a/d17/c6377ad17bd64e218b07b6d05369cc06.jpg""}, ""address""=>""Up town 5"", ""company_name""=>""Golden Arches Restaurants Sdn Bhd""}","{""date""=>""11/10/2013"", ""total""=>""62.04"", ""cc_data_0""=>{""image_url""=>""http://habrastorage.org/files/4f5/42b/238/4f542b2382314659b6171bb2dab65d55.jpg""}, ""address""=>""123  Lakeside Way"", ""company_name""=>""The Coffee Connection""}"
