_unit_id,_created_at,_id,_started_at,_tainted,_channel,_trust,_worker_id,_country,_region,_city,_ip,spending_type0,spending_type1,spending_type2,spending_type3,cc_data_0,cc_data_1,cc_data_2,cc_data_3
692281772,3/20/2015 13:46:58,1594466017,3/20/2015 13:46:41,false,elite,1.0,31903604,BGR,51,Plovdiv,46.55.139.236,Accommodation,Meal,Meal,Meal,"{""date""=>""01/01/2000"", ""total""=>""53.32"", ""cc_data_0""=>{""image_url""=>""http://habrastorage.org/files/912/edd/443/912edd4438374881b1717249568f792c.jpg""}, ""address""=>""none"", ""company_name""=>""none""}","{""date""=>""11/11/2011"", ""total""=>""22"", ""cc_data_0""=>{""image_url""=>""http://habrastorage.org/files/c63/77a/d17/c6377ad17bd64e218b07b6d05369cc06.jpg""}, ""address""=>""NONE"", ""company_name""=>""NONE""}","{""date""=>""06/29/2005"", ""total""=>""79.47"", ""cc_data_0""=>{""image_url""=>""http://habrastorage.org/files/8ad/7df/bb2/8ad7dfbb2fe94e9382770d911744f4e1.jpg""}, ""address""=>""NONE"", ""company_name""=>""LTZ""}","{""date""=>""12/14/2012"", ""total""=>""31.21"", ""cc_data_0""=>{""image_url""=>""http://habrastorage.org/files/961/680/6c0/9616806c02e14161a2026e2dd8c212b8.jpg""}, ""address""=>""no"", ""company_name""=>""no""}"
692281794,3/20/2015 13:48:29,1594466392,3/20/2015 13:46:45,false,neodev,1.0,31109790,PRT,"","",188.37.86.185,Meal,Meal,Meal,Meal,"{""date""=>""09/11/2012"", ""total""=>""1289.60"", ""cc_data_0""=>{""image_url""=>""http://habrastorage.org/files/ac0/fe7/16b/ac0fe716ba874da591a246c4c2fcdff6.jpg""}, ""address""=>""311 W,43 STREET NEW YORK,NY 10036"", ""company_name""=>""HAKKASAN""}","{""date""=>""02/26/2009"", ""total""=>""62.55"", ""cc_data_0""=>{""image_url""=>""http://habrastorage.org/files/b4a/3e3/644/b4a3e36449be4afd9d24dcf873e04a5d.jpg""}, ""address""=>""39-41 Silbury Arcade Milton Keynes MK9 4AG"", ""company_name""=>""GIRAFFE""}","{""date""=>""11/10/2013"", ""total""=>""62.04"", ""cc_data_0""=>{""image_url""=>""http://habrastorage.org/files/4f5/42b/238/4f542b2382314659b6171bb2dab65d55.jpg""}, ""address""=>""123 lakeside way"", ""company_name""=>""the coffee connection""}","{""date""=>""08/14/2009"", ""total""=>""85.39"", ""cc_data_0""=>{""image_url""=>""http://habrastorage.org/files/22b/f5f/d46/22bf5fd46a41416eb5d6523f52eaa9e0.jpg""}, ""address""=>""N/A"", ""company_name""=>""Crabapples""}"
692281803,3/20/2015 14:18:04,1594475655,3/20/2015 14:16:53,false,clixsense,1.0,21899441,BGR,"","",79.100.194.211,Meal,Meal,Meal,Meal,"{""date""=>""05/25/2012"", ""total""=>""47.40"", ""cc_data_0""=>{""image_url""=>""http://habrastorage.org/files/838/d30/ae4/838d30ae47d647279435bf1ed75d01e3.PNG""}, ""address""=>""11 cheong chin nam rd singapore 599736"", ""company_name""=>""al azhar eating restaurant pte ltd""}","{""date""=>""06/14/2007"", ""total""=>""12.50"", ""cc_data_0""=>{""image_url""=>""http://habrastorage.org/files/c46/c1b/abe/c46c1babeb7c440c85e5df9accb0280f.jpg""}, ""address""=>""101 CITY PLAZA"", ""company_name""=>""ARNOLD´S FRIED CHICKEN PTE LTD""}","{""date""=>""04/03/2013"", ""total""=>""39.15"", ""cc_data_0""=>{""image_url""=>""http://habrastorage.org/files/01a/a40/810/01aa40810d044a75a19fbbbfe662a508.jpg""}, ""address""=>""535 east santa clara st san jose ca"", ""company_name""=>""vung tau""}","{""date""=>""01/14/2012"", ""total""=>""30.45"", ""cc_data_0""=>{""image_url""=>""http://habrastorage.org/files/4f9/add/357/4f9add357368491aaab685b336a11870.jpg""}, ""address""=>""79-19 Roosvelt ave. Jackson Heights, NY 11372"", ""company_name""=>""Cositas ricas""}"
692281831,3/20/2015 13:47:58,1594466293,3/20/2015 13:46:46,false,clixsense,1.0,21899441,BGR,"","",79.100.194.211,Meal,Meal,Meal,Meal,"{""date""=>""07/04/2013"", ""total""=>""$12.59"", ""cc_data_0""=>{""image_url""=>""http://habrastorage.org/files/8f5/d0b/cd6/8f5d0bcd699346f09ea9d6905f80361b.png""}, ""address""=>""2220 Queen Anne Avenue"", ""company_name""=>""Ying Thai Kitchen""}","{""date""=>""12/09/2012"", ""total""=>""65,66"", ""cc_data_0""=>{""image_url""=>""http://habrastorage.org/files/135/cd3/eca/135cd3ecab0646f2b2cd7924b1e0105f.jpg""}, ""address""=>""1007 Kane Concourese 305 861-2222"", ""company_name""=>""Asia Bay""}","{""date""=>""01/19/2013"", ""total""=>""169.82"", ""cc_data_0""=>{""image_url""=>""http://habrastorage.org/files/96f/070/0e6/96f0700e6adf4ee19588dec8f3400c5c.jpg""}, ""address""=>""300 72th Street Miami Beach fl 33141"", ""company_name""=>""George's Restaurant""}","{""date""=>""07/01/2013"", ""total""=>""33.00"", ""cc_data_0""=>{""image_url""=>""http://habrastorage.org/files/1bf/8f2/e72/1bf8f2e728b043d7b5995d17526a4727.jpg""}, ""address""=>""225 EAST 6TH STREET CHARLOTTE,NC 28202"", ""company_name""=>""QUEEN CITY Q""}"
692281850,3/20/2015 13:52:43,1594467542,3/20/2015 13:47:49,false,elite,1.0,31865244,VNM,44,Hanoi,42.112.86.142,Meal,Other,Other,Meal,"{""date""=>""11/12/2011"", ""total""=>""33"", ""cc_data_0""=>{""image_url""=>""http://habrastorage.org/files/a80/fba/871/a80fba8710514cd19c1e1672c047a5f4.jpg""}, ""address""=>""none"", ""company_name""=>""non""}","{""date""=>""03/01/2014"", ""total""=>""$7.55"", ""cc_data_0""=>{""image_url""=>""http://habrastorage.org/files/158/722/4d7/1587224d72de485eb7aed42070fafdda.jpg""}, ""address""=>""1351 S Beach Blvd,. Suite H La Habra, CA 90631"", ""company_name""=>""RICARDO'S EL RANCHITO""}","{""date""=>""01/14/2012"", ""total""=>""30.45"", ""cc_data_0""=>{""image_url""=>""http://habrastorage.org/files/d60/74d/d17/d6074dd172e74fa2bf97c9d6908615e3.jpg""}, ""address""=>""79-19 Roosevelt Ave, Jackson Heights, NY 11372"", ""company_name""=>""Cositas Ricas""}","{""date""=>""10/25/2012"", ""total""=>""431.95"", ""cc_data_0""=>{""image_url""=>""http://habrastorage.org/files/df8/823/f8b/df8823f8be7346a1945047d7128a47b6.jpg""}, ""address""=>""72 Boat Quay Singapore 049860"", ""company_name""=>""Absin the""}"
692281864,3/20/2015 13:48:03,1594466304,3/20/2015 13:46:48,false,clixsense,1.0,29688014,POL,83,Dabrowa Gornicza,83.13.230.49,Meal,Meal,Meal,Meal,"{""date""=>""01/24/2013"", ""total""=>""12.14"", ""cc_data_0""=>{""image_url""=>""http://habrastorage.org/files/f3a/45e/430/f3a45e430d1249e286da92f26a11d489.jpg""}, ""address""=>""DELY #6"", ""company_name""=>""AZTECA RESTAURANT, FINE DINING RESTAURANT""}","{""date""=>""05/01/2013"", ""total""=>""139.36"", ""cc_data_0""=>{""image_url""=>""http://habrastorage.org/files/69e/1ee/3f4/69e1ee3f4cfa437798e563fee1641ddd.jpg""}, ""address""=>""318 E 6th Street New York, NY 10003"", ""company_name""=>""MALAI MARKE""}","{""date""=>""08/22/2019"", ""total""=>""153.12"", ""cc_data_0""=>{""image_url""=>""http://habrastorage.org/files/7d0/5c1/982/7d05c19820ea40028c4b37dc1d245bba.png""}, ""address""=>""N/A"", ""company_name""=>""Light House Restaurant""}","{""date""=>""08/22/2013"", ""total""=>""20.34"", ""cc_data_0""=>{""image_url""=>""http://habrastorage.org/files/29f/00c/e16/29f00ce1662d48cfa5e0ee7c69718278.jpg""}, ""address""=>""535 East Santa Clara St San Jose CA"", ""company_name""=>""Yung Tau""}"
692281961,3/20/2015 13:48:15,1594466355,3/20/2015 13:47:15,false,neodev,1.0,19074389,UKR,08,Krivoy Rog,193.151.12.69,Other,Other,Meal,Meal,"{""date""=>""07/27/2010"", ""total""=>""18.65"", ""cc_data_0""=>{""image_url""=>""http://habrastorage.org/files/1cb/abc/ea5/1cbabcea57c345e7a962d68e54935ad6.jpg""}, ""address""=>""111 North Wabash, Chicago, IL 60602"", ""company_name""=>""STAPLES""}","{""date""=>""11/11/2011"", ""total""=>""22.35"", ""cc_data_0""=>{""image_url""=>""http://habrastorage.org/files/04d/10d/54d/04d10d54dee242d988d4ff28a8029743.jpg""}, ""address""=>""23 Serangoon Central #B1-15 Serangoon NEX S (556083)"", ""company_name""=>""Grandma's Restaurant""}","{""date""=>""08/07/2010"", ""total""=>""31.77"", ""cc_data_0""=>{""image_url""=>""http://habrastorage.org/files/6b8/7cf/eae/6b87cfeae5c240ee9fbc225a5cba727e.jpg""}, ""address""=>""250 Walnut Street Englewood, NJ 07631"", ""company_name""=>""The Foodman Cafe""}","{""date""=>""08/10/2011"", ""total""=>""$6.50"", ""cc_data_0""=>{""image_url""=>""http://habrastorage.org/files/2f7/ca5/252/2f7ca52523f84e9d90d3285f353db60f.jpg""}, ""address""=>""103 S. Ogden Street Denver CO 80209"", ""company_name""=>""Ogden Street South""}"
692281966,3/20/2015 13:51:57,1594467307,3/20/2015 13:46:48,false,neodev,1.0,31770137,PRI,00,San Juan,70.45.21.211,Meal,Transportation,Other,Meal,"{""date""=>""04/22/2013"", ""total""=>""29.46"", ""cc_data_0""=>{""image_url""=>""http://habrastorage.org/files/b32/666/525/b326665253224936be2aadc4ea4ee9d4.JPG""}, ""address""=>""store# 1394"", ""company_name""=>""mcdonalds""}","{""date""=>""11/11/2011"", ""total""=>""88"", ""cc_data_0""=>{""image_url""=>""http://habrastorage.org/files/d6f/01f/08c/d6f01f08c21145bbb504e73ba1d849e5.jpg""}, ""address""=>""none"", ""company_name""=>""noen""}","{""date""=>""01/02/2006"", ""total""=>""123.41"", ""cc_data_0""=>{""image_url""=>""http://habrastorage.org/files/ae5/215/c07/ae5215c07abd48d1aa710061c65569cc.jpg""}, ""address""=>""Store Location, Store City, Store State, Store Zipcode, Store Country"", ""company_name""=>""Happy Food Company""}","{""date""=>""04/02/2009"", ""total""=>""122.19"", ""cc_data_0""=>{""image_url""=>""http://habrastorage.org/files/ddd/9ae/db7/ddd9aedb7ac743248a06d7f91a5cee53.jpg""}, ""address""=>""740 E. Valley Blvd. Alhambra,CA 91801"", ""company_name""=>""Top Island Seafood Restaurant""}"
692282017,3/20/2015 13:47:36,1594466202,3/20/2015 13:46:49,false,clixsense,1.0,30896531,RUS,78,Tyumen,178.46.152.103,Accommodation,Meal,Meal,Meal,"{""date""=>""01/05/2010"", ""total""=>""$140.67"", ""cc_data_0""=>{""image_url""=>""http://habrastorage.org/files/7ec/3b6/a44/7ec3b6a4476842e6a13d42bc8ca11383.jpg""}, ""address""=>""17399 Biscayne Bvld Miami, FL 33160"", ""company_name""=>""Morton's The Steakhaus""}","{""date""=>""07/10/20121"", ""total""=>""30.98"", ""cc_data_0""=>{""image_url""=>""http://habrastorage.org/files/d78/35d/be5/d7835dbe5d3849c0a81a9c9d201af979.jpg""}, ""address""=>""280 bleecker st."", ""company_name""=>""FISH""}","{""date""=>""11/08/2014"", ""total""=>""20.16"", ""cc_data_0""=>{""image_url""=>""http://habrastorage.org/files/67f/175/3a0/67f1753a022e41e0be49857e9183be15.jpg""}, ""address""=>""SAN RAFAEL LOCATİON"", ""company_name""=>""BJ'S""}","{""date""=>""04/11/2009"", ""total""=>""123.42"", ""cc_data_0""=>{""image_url""=>""http://habrastorage.org/files/ad3/01d/7fa/ad301d7fa5464958b006ee9f8764d4eb.jpg""}, ""address""=>""111 clare H"", ""company_name""=>""HAZELTON""}"
