_unit_id,_created_at,_id,_started_at,_tainted,_channel,_trust,_worker_id,_country,_region,_city,_ip,spending_type0,spending_type1,spending_type2,spending_type3,cc_data_0,cc_data_1,cc_data_2,cc_data_3
691975703,3/19/2015 11:35:34,1593898465,3/19/2015 11:34:36,false,elite,1.0,31903604,BGR,51,Plovdiv,46.55.139.236,Other,Other,Meal,Meal,"{""date""=>""01/01/2000"", ""total""=>""0"", ""cc_data_0""=>{""image_url""=>""http://habrastorage.org/files/961/680/6c0/9616806c02e14161a2026e2dd8c212b8.jpg""}, ""address""=>""none"", ""company_name""=>""none""}","{""date""=>""01/02/2006"", ""total""=>""123.41"", ""cc_data_0""=>{""image_url""=>""http://habrastorage.org/files/ae5/215/c07/ae5215c07abd48d1aa710061c65569cc.jpg""}, ""address""=>""none"", ""company_name""=>""Happy Food Company""}","{""date""=>""03/15/2006"", ""total""=>""48.78"", ""cc_data_0""=>{""image_url""=>""http://habrastorage.org/files/751/760/dc5/751760dc53cb483a85e7704c5a164e2e.jpg""}, ""address""=>""591 city island ave bronx, ny 10464"", ""company_name""=>""seashore""}","{""date""=>""06/29/2008"", ""total""=>""79.47"", ""cc_data_0""=>{""image_url""=>""http://habrastorage.org/files/8ad/7df/bb2/8ad7dfbb2fe94e9382770d911744f4e1.jpg""}, ""address""=>""N/A"", ""company_name""=>""LIZARRAN""}"
691975713,3/19/2015 11:36:00,1593898555,3/19/2015 11:35:35,false,elite,1.0,31903604,BGR,51,Plovdiv,46.55.139.236,Other,Meal,Meal,Meal,"{""date""=>""08/22/2013"", ""total""=>""20.34"", ""cc_data_0""=>{""image_url""=>""http://habrastorage.org/files/29f/00c/e16/29f00ce1662d48cfa5e0ee7c69718278.jpg""}, ""address""=>""535 east santa clara st"", ""company_name""=>""vung tau""}","{""date""=>""08/07/2010"", ""total""=>""31.77"", ""cc_data_0""=>{""image_url""=>""http://habrastorage.org/files/6b8/7cf/eae/6b87cfeae5c240ee9fbc225a5cba727e.jpg""}, ""address""=>""250 Walnut Street Englewood, NJ 07631"", ""company_name""=>""The Foodman Cafe""}","{""date""=>""12/09/2012"", ""total""=>""65.66"", ""cc_data_0""=>{""image_url""=>""http://habrastorage.org/files/135/cd3/eca/135cd3ecab0646f2b2cd7924b1e0105f.jpg""}, ""address""=>""107 Kane Concourse 305 861-2222"", ""company_name""=>""Asia Bay""}","{""date""=>""07/04/2013"", ""total""=>""12.59"", ""cc_data_0""=>{""image_url""=>""http://habrastorage.org/files/8f5/d0b/cd6/8f5d0bcd699346f09ea9d6905f80361b.png""}, ""address""=>""2220 queen anne ave n"", ""company_name""=>""ying thai kitchen""}"
691975731,3/19/2015 11:36:58,1593898728,3/19/2015 11:35:37,false,neodev,1.0,31601634,VEN,"","",190.204.148.94,Meal,Meal,Meal,Meal,"{""date""=>""06/21/2013"", ""total""=>""12.83"", ""cc_data_0""=>{""image_url""=>""http://habrastorage.org/files/e98/6bd/072/e986bd072cec429eaf0949d06c78dfe6.jpg""}, ""address""=>""Brea, CA 92821"", ""company_name""=>""Farrell's""}","{""date""=>""02/26/2009"", ""total""=>""62.55"", ""cc_data_0""=>{""image_url""=>""http://habrastorage.org/files/b4a/3e3/644/b4a3e36449be4afd9d24dcf873e04a5d.jpg""}, ""address""=>""39-41 Silbury Arcade Milton Keynes MK9 3AG"", ""company_name""=>""Giraffe""}","{""date""=>""01/09/2013"", ""total""=>""169.82"", ""cc_data_0""=>{""image_url""=>""http://habrastorage.org/files/96f/070/0e6/96f0700e6adf4ee19588dec8f3400c5c.jpg""}, ""address""=>""300 72th street Miami Beach fl 33141"", ""company_name""=>""George's Restaurant""}","{""date""=>""08/10/2011"", ""total""=>""6.50"", ""cc_data_0""=>{""image_url""=>""http://habrastorage.org/files/2f7/ca5/252/2f7ca52523f84e9d90d3285f353db60f.jpg""}, ""address""=>""103, S. Ogden Street, Denver, CO 80209"", ""company_name""=>""Ogden Street South""}"
691975747,3/19/2015 11:39:30,1593899072,3/19/2015 11:35:53,false,neodev,1.0,30539786,VNM,66,Hue,113.189.4.68,Meal,Meal,Meal,Meal,"{""date""=>""02/22/2013"", ""total""=>""29.46"", ""cc_data_0""=>{""image_url""=>""http://habrastorage.org/files/b32/666/525/b326665253224936be2aadc4ea4ee9d4.JPG""}, ""address""=>""NA"", ""company_name""=>""MCDONALDS""}","{""date""=>""01/24/2013"", ""total""=>""12.14"", ""cc_data_0""=>{""image_url""=>""http://habrastorage.org/files/f3a/45e/430/f3a45e430d1249e286da92f26a11d489.jpg""}, ""address""=>""-"", ""company_name""=>""AZTECA RESTAURANT""}","{""date""=>""05/04/2014"", ""total""=>""22.65"", ""cc_data_0""=>{""image_url""=>""http://habrastorage.org/files/32e/a2b/84e/32ea2b84e02b4cc68442d84dc7163a17.jpg""}, ""address""=>""405 N Vineyard Ave #A, Ontario, CA 91764"", ""company_name""=>""Bombay Restaurant""}","{""date""=>""11/08/2014"", ""total""=>""20.16"", ""cc_data_0""=>{""image_url""=>""http://habrastorage.org/files/67f/175/3a0/67f1753a022e41e0be49857e9183be15.jpg""}, ""address""=>""SAN RAFAEL 495"", ""company_name""=>""BJ'S""}"
691975751,3/19/2015 11:37:52,1593898857,3/19/2015 11:37:01,false,neodev,1.0,31601634,VEN,"","",190.204.148.94,Meal,Meal,Other,Meal,"{""date""=>""11/11/2011"", ""total""=>""22.35"", ""cc_data_0""=>{""image_url""=>""http://habrastorage.org/files/04d/10d/54d/04d10d54dee242d988d4ff28a8029743.jpg""}, ""address""=>""23 Serangoon Central #B1-15"", ""company_name""=>""Grandma's Restaurant""}","{""date""=>""09/11/2012"", ""total""=>""1289.60"", ""cc_data_0""=>{""image_url""=>""http://habrastorage.org/files/ac0/fe7/16b/ac0fe716ba874da591a246c4c2fcdff6.jpg""}, ""address""=>""311 W. 43 Street New York, NY 10036"", ""company_name""=>""Hakkasan""}","{""date""=>""07/27/2010"", ""total""=>""$18.65"", ""cc_data_0""=>{""image_url""=>""http://habrastorage.org/files/1cb/abc/ea5/1cbabcea57c345e7a962d68e54935ad6.jpg""}, ""address""=>""111 North Wabash Chicago, IL - 60602"", ""company_name""=>""Staples""}","{""date""=>""08/14/2009"", ""total""=>""85.39"", ""cc_data_0""=>{""image_url""=>""http://habrastorage.org/files/22b/f5f/d46/22bf5fd46a41416eb5d6523f52eaa9e0.jpg""}, ""address""=>""Chk 7963"", ""company_name""=>""Crabapples""}"
691975773,3/19/2015 11:37:58,1593898869,3/19/2015 11:37:01,false,neodev,1.0,30664718,VEN,25,Caracas,186.95.149.222,Meal,Meal,Meal,Meal,"{""date""=>""14/01/2012"", ""total""=>""30.45"", ""cc_data_0""=>{""image_url""=>""http://habrastorage.org/files/4f9/add/357/4f9add357368491aaab685b336a11870.jpg""}, ""address""=>""79-19 Roosevelt Ave. Jackson Heights, NY 11372"", ""company_name""=>""COSITAS RICAS""}","{""date""=>""10/25/2012"", ""total""=>""431.95"", ""cc_data_0""=>{""image_url""=>""http://habrastorage.org/files/df8/823/f8b/df8823f8be7346a1945047d7128a47b6.jpg""}, ""address""=>""72 Boat Quay, Singapore"", ""company_name""=>""Absinthe""}","{""date""=>""07/03/2012"", ""total""=>""30.98"", ""cc_data_0""=>{""image_url""=>""http://habrastorage.org/files/d78/35d/be5/d7835dbe5d3849c0a81a9c9d201af979.jpg""}, ""address""=>""280 Bleecker St. New York, NY 10014"", ""company_name""=>""Fish""}","{""date""=>""10/11/2013"", ""total""=>""62.04"", ""cc_data_0""=>{""image_url""=>""http://habrastorage.org/files/4f5/42b/238/4f542b2382314659b6171bb2dab65d55.jpg""}, ""address""=>""123 Lakeside Way"", ""company_name""=>""The Coffee Connection""}"
691975790,3/19/2015 11:38:41,1593898984,3/19/2015 11:37:05,false,neodev,1.0,30657729,SRB,00,Belgrade,178.148.143.0,Other,Meal,Meal,Meal,"{""date""=>""14/06/2007"", ""total""=>""12.50"", ""cc_data_0""=>{""image_url""=>""http://habrastorage.org/files/c46/c1b/abe/c46c1babeb7c440c85e5df9accb0280f.jpg""}, ""address""=>""#02-99/101 CITY PLAZA SINGPORE 409286"", ""company_name""=>""ARNOLD'S FRIED CHICKEN PTE LTD""}","{""date""=>""05/25/2012"", ""total""=>""44.30"", ""cc_data_0""=>{""image_url""=>""http://habrastorage.org/files/838/d30/ae4/838d30ae47d647279435bf1ed75d01e3.PNG""}, ""address""=>""11 CHEONG CHIN NAM RD SINGAPORE 599736"", ""company_name""=>""AL AZHAR EATING RESTAURANT PTE LTD""}","{""date""=>""04/02/2009"", ""total""=>""122.19"", ""cc_data_0""=>{""image_url""=>""http://habrastorage.org/files/ddd/9ae/db7/ddd9aedb7ac743248a06d7f91a5cee53.jpg""}, ""address""=>""740 E. Valley Blvd. Alhambra, CA 91801"", ""company_name""=>""Top Island Seafood Restaurant""}","{""date""=>""03/01/2014"", ""total""=>""7.55"", ""cc_data_0""=>{""image_url""=>""http://habrastorage.org/files/158/722/4d7/1587224d72de485eb7aed42070fafdda.jpg""}, ""address""=>""1351 S  Beach Blvd., Suite H La Habra, CA 90631"", ""company_name""=>""RICARDO'S EL RANCHITO""}"
691975826,3/19/2015 11:40:51,1593899255,3/19/2015 11:38:38,false,neodev,1.0,32104044,IDN,14,Samarinda,36.83.34.95,Meal,Meal,Meal,Transportation,"{""date""=>""01/14/2012"", ""total""=>""30.45"", ""cc_data_0""=>{""image_url""=>""http://habrastorage.org/files/d60/74d/d17/d6074dd172e74fa2bf97c9d6908615e3.jpg""}, ""address""=>""79-19 Roosevelt Ave."", ""company_name""=>""Cositas Ricas""}","{""date""=>""07/01/2013"", ""total""=>""33 . 00"", ""cc_data_0""=>{""image_url""=>""http://habrastorage.org/files/1bf/8f2/e72/1bf8f2e728b043d7b5995d17526a4727.jpg""}, ""address""=>""225 EAST 6TH STREET CHARLOTTE, NC 28202"", ""company_name""=>""QUINN CITY Q""}","{""date""=>""05/01/2013"", ""total""=>""139.36"", ""cc_data_0""=>{""image_url""=>""http://habrastorage.org/files/69e/1ee/3f4/69e1ee3f4cfa437798e563fee1641ddd.jpg""}, ""address""=>""318 E 6th Street,New York,NY 1003"", ""company_name""=>""MALAI MARKE""}","{""date""=>""12/12/2014"", ""total""=>""90.50"", ""cc_data_0""=>{""image_url""=>""http://habrastorage.org/files/d6f/01f/08c/d6f01f08c21145bbb504e73ba1d849e5.jpg""}, ""address""=>""New York, NY"", ""company_name""=>""yellow cab""}"
691975965,3/19/2015 11:43:02,1593899639,3/19/2015 11:41:02,false,neodev,1.0,30539786,VNM,66,Hue,113.189.4.68,Meal,Meal,Meal,Meal,"{""date""=>""04/03/2013"", ""total""=>""39.15"", ""cc_data_0""=>{""image_url""=>""http://habrastorage.org/files/01a/a40/810/01aa40810d044a75a19fbbbfe662a508.jpg""}, ""address""=>""SanJose CA"", ""company_name""=>""Vung Tau""}","{""date""=>""08/22/2009"", ""total""=>""153.12"", ""cc_data_0""=>{""image_url""=>""http://habrastorage.org/files/7d0/5c1/982/7d05c19820ea40028c4b37dc1d245bba.png""}, ""address""=>""0130 Table # 72 #Party 4"", ""company_name""=>""Lighthouse Restaurant""}","{""date""=>""01/05/2010"", ""total""=>""140.67"", ""cc_data_0""=>{""image_url""=>""http://habrastorage.org/files/7ec/3b6/a44/7ec3b6a4476842e6a13d42bc8ca11383.jpg""}, ""address""=>""17399 Biscayne Blvd Miami, FL 33160"", ""company_name""=>""Morton's The Steakhouse""}","{""date""=>""04/11/2009"", ""total""=>""123.42"", ""cc_data_0""=>{""image_url""=>""http://habrastorage.org/files/ad3/01d/7fa/ad301d7fa5464958b006ee9f8764d4eb.jpg""}, ""address""=>""-"", ""company_name""=>""hazelton""}"
691980307,3/19/2015 13:02:37,1593918539,3/19/2015 13:01:10,false,elite,1.0,31035791,PHL,D9,Marikina City,112.203.219.76,Meal,Meal,Meal,Meal,"{""date""=>""01/09/2003"", ""total""=>""129.15"", ""cc_data_0""=>{""image_url""=>""http://habrastorage.org/files/a80/fba/871/a80fba8710514cd19c1e1672c047a5f4.jpg""}, ""address""=>""one mill street"", ""company_name""=>""one mill street""}","{""date""=>""05/10/2013"", ""total""=>""11.10"", ""cc_data_0""=>{""image_url""=>""http://habrastorage.org/files/c63/77a/d17/c6377ad17bd64e218b07b6d05369cc06.jpg""}, ""address""=>""McDonald's Uptown 5 (H111)"", ""company_name""=>""Golden Arches Restaurants Sdn Bhd (65351-M)""}","{""date""=>""01/15/2014"", ""total""=>""15.26"", ""cc_data_0""=>{""image_url""=>""http://habrastorage.org/files/31b/ab5/5cf/31bab55cfadc456a9c9901b9bf806bbe.jpg""}, ""address""=>""no"", ""company_name""=>""no""}","{""date""=>""11/30/2013"", ""total""=>""53.32"", ""cc_data_0""=>{""image_url""=>""http://habrastorage.org/files/912/edd/443/912edd4438374881b1717249568f792c.jpg""}, ""address""=>""none"", ""company_name""=>""none""}"
