_unit_id,_created_at,_id,_started_at,_tainted,_channel,_trust,_worker_id,_country,_region,_city,_ip,address0,address1,company_name0,company_name1,date0,date1,total0,total1,cc_data_0,cc_data_1
692400441,3/20/2015 20:12:33,1594839906,3/20/2015 20:01:29,false,tremorgames,1,25197223,HRV,"","",185.18.60.92,72 Boat Quay Singapore,103 S. Ogden Street,Absinhte,Ogden Street South,10/25/2012,08/10/2012,431.95,6.50,"{""date""=>""10/25/2012"", ""total""=>""431.95"", ""cc_data_0""=>{""image_url""=>""http://habrastorage.org/files/df8/823/f8b/df8823f8be7346a1945047d7128a47b6.jpg""}, ""address""=>""72 Boat Quay Singapore 049860"", ""company_name""=>""Absinthe""}","{""date""=>""08/10/2012"", ""total""=>""$6.50"", ""cc_data_0""=>{""image_url""=>""http://habrastorage.org/files/2f7/ca5/252/2f7ca52523f84e9d90d3285f353db60f.jpg""}, ""address""=>""103 S. Ogden Street"", ""company_name""=>""Ogden Street South""}"
692400468,3/20/2015 20:09:02,1594835379,3/20/2015 20:07:08,false,neodev,1,30664718,VEN,25,Caracas,186.95.149.222,"17399 Biscayne Blvd. N. Miami, Fl 33160",1007 Kane Concourse,Morton's The Steakhouse,Asia Bay,03/03/2015,12/09/2012,140.67,65.66,"{""date""=>""03/03/2015"", ""total""=>""140.67"", ""cc_data_0""=>{""image_url""=>""http://habrastorage.org/files/7ec/3b6/a44/7ec3b6a4476842e6a13d42bc8ca11383.jpg""}, ""address""=>""fl 330160"", ""company_name""=>""morton's""}","{""date""=>""12/09/2012"", ""total""=>""65.66"", ""cc_data_0""=>{""image_url""=>""http://habrastorage.org/files/135/cd3/eca/135cd3ecab0646f2b2cd7924b1e0105f.jpg""}, ""address""=>""1007 Kane Concourse"", ""company_name""=>""Asia Bay""}"
692400508,3/20/2015 20:06:39,1594832479,3/20/2015 20:00:54,false,neodev,1,31298672,COL,"","",190.85.26.146,318 E 6TH STREET,"1351 S BEACH BLVD.. SUITE H LA HABRA,CA 90631",MALAI MARKE,RICARDO´S EL RANCHITO,01/05/2013,03/01/2013,139.36,7.55,"{""date""=>""01/05/2013"", ""total""=>""139.36"", ""cc_data_0""=>{""image_url""=>""http://habrastorage.org/files/69e/1ee/3f4/69e1ee3f4cfa437798e563fee1641ddd.jpg""}, ""address""=>""318 E 6TH STREET"", ""company_name""=>""MALAI MARKE new york 10003""}","{""date""=>""03/01/2013"", ""total""=>""7.55"", ""cc_data_0""=>{""image_url""=>""http://habrastorage.org/files/158/722/4d7/1587224d72de485eb7aed42070fafdda.jpg""}, ""address""=>""1351 S Beach Blvd.. Suite H LaHabra, CA 90631"", ""company_name""=>""RICARDO'S EL RANCHITO""}"
692400509,3/20/2015 20:06:34,1594832365,3/20/2015 20:00:56,false,neodev,1,31709948,SVK,"","",78.98.130.201,111 Clare H,311. W 43 Street,HAZELTON,HAKKASAN,11/04/2009,11/09/2012,"123,42","1289,60","{""date""=>""04/11/2009"", ""total""=>""123.42"", ""cc_data_0""=>{""image_url""=>""http://habrastorage.org/files/ad3/01d/7fa/ad301d7fa5464958b006ee9f8764d4eb.jpg""}, ""address""=>""111 CLARE H"", ""company_name""=>""HAZELTON""}","{""date""=>""11/09/2012"", ""total""=>""1289.60"", ""cc_data_0""=>{""image_url""=>""http://habrastorage.org/files/ac0/fe7/16b/ac0fe716ba874da591a246c4c2fcdff6.jpg""}, ""address""=>""311 W. 43 Street"", ""company_name""=>""HAKKSAN""}"
692400513,3/20/2015 20:09:35,1594836073,3/20/2015 20:04:13,false,clixsense,1,31544277,UKR,04,Dnepropetrovsk,188.247.114.67,02-99/101 city plaza singapore 409286,"79-19  Roosevelt Ave. Jackson Heights, NY 11372",arnold's fried chicken pte ltd,COSITAS RICAS,14/06/2007,01/14/2012,12.50,30.45,"{""date""=>""14/06/2007"", ""total""=>""12.50"", ""cc_data_0""=>{""image_url""=>""http://habrastorage.org/files/c46/c1b/abe/c46c1babeb7c440c85e5df9accb0280f.jpg""}, ""address""=>""02-99/101 city plaza singapore 409286"", ""company_name""=>""arnold's fried chicken pte ltd""}","{""date""=>""01/14/2012"", ""total""=>""30.45"", ""cc_data_0""=>{""image_url""=>""http://habrastorage.org/files/d60/74d/d17/d6074dd172e74fa2bf97c9d6908615e3.jpg""}, ""address""=>""79-19  Roosevelt Ave. Jackson Heights, NY 11372"", ""company_name""=>""COSITAS RICAS""}"
692400516,3/20/2015 20:06:42,1594832596,3/20/2015 20:00:59,false,neodev,1,24053725,MKD,41,Skopje,46.217.69.204,"111  North Wabash CHICAGO, IL 60602","Brea, CA 92821",STAPLES,FARRELL'S,07/27/2010,06/21/2010,18.65,12.83,"{""date""=>""07/27/2010"", ""total""=>""18.65"", ""cc_data_0""=>{""image_url""=>""http://habrastorage.org/files/1cb/abc/ea5/1cbabcea57c345e7a962d68e54935ad6.jpg""}, ""address""=>""111 north wabash CHICAGO IL 60602"", ""company_name""=>""staples""}","{""date""=>""06/21/2013"", ""total""=>""12.83"", ""cc_data_0""=>{""image_url""=>""http://habrastorage.org/files/e98/6bd/072/e986bd072cec429eaf0949d06c78dfe6.jpg""}, ""address""=>""Brea, CA 92821"", ""company_name""=>""Farrel's""}"
692400520,3/20/2015 20:13:53,1594841489,3/20/2015 20:03:27,false,neodev,1,31789301,VEN,"","",201.243.125.85,na,2220 queen anne AV N seattle wa 98109,bj´s san rafael,ying thai kitchen,11/08/2014,07/04/2013,20.16,12.59,"{""date""=>""11/08/2014"", ""total""=>""20.16"", ""cc_data_0""=>{""image_url""=>""http://habrastorage.org/files/67f/175/3a0/67f1753a022e41e0be49857e9183be15.jpg""}, ""address""=>""na"", ""company_name""=>""bj's san rafael""}","{""date""=>""07/04/2013"", ""total""=>""12.59"", ""cc_data_0""=>{""image_url""=>""http://habrastorage.org/files/8f5/d0b/cd6/8f5d0bcd699346f09ea9d6905f80361b.png""}, ""address""=>""2220 queen anne ave n seattle WA 98109"", ""company_name""=>""ying thai kitchen""}"
692400556,3/20/2015 20:03:26,1594828714,3/20/2015 20:01:00,false,clixsense,1,9342238,SRB,00,Belgrade,109.92.51.212,39-41 Silbury Arcade Milton Keynes MK9 3AG,"591 city island ave Bronx, NY 10464",giraffe,seashore,02/26/2009,03/12/2008,62.55,48.75,"{""date""=>""02/26/2009"", ""total""=>""62.55"", ""cc_data_0""=>{""image_url""=>""http://habrastorage.org/files/b4a/3e3/644/b4a3e36449be4afd9d24dcf873e04a5d.jpg""}, ""address""=>""39-41 Silbury Arcade Milton Keynes MK9 3AG"", ""company_name""=>""giraffe""}","{""date""=>""03/12/2008"", ""total""=>""48.75"", ""cc_data_0""=>{""image_url""=>""http://habrastorage.org/files/751/760/dc5/751760dc53cb483a85e7704c5a164e2e.jpg""}, ""address""=>""591 city island ave Bronx, NY 10464"", ""company_name""=>""seashore""}"
692400578,3/20/2015 20:18:32,1594846806,3/20/2015 20:10:18,false,neodev,1,28800272,DOM,05,Santo Domingo,179.53.187.16,Golden Arches Restaurants SDN BHD,NO DESCRIPT,McDonald's,LIGHTHOUSES RESTAURANT,10/05/2013,22/08/2009,11.08,153.12,"{""date""=>""05/10/2013"", ""total""=>""0,63"", ""cc_data_0""=>{""image_url""=>""http://habrastorage.org/files/c63/77a/d17/c6377ad17bd64e218b07b6d05369cc06.jpg""}, ""address""=>""Golden Arches Restaurants SDN BHD"", ""company_name""=>""McDonald's""}","{""date""=>""08/22/2009"", ""total""=>""153.12"", ""cc_data_0""=>{""image_url""=>""http://habrastorage.org/files/7d0/5c1/982/7d05c19820ea40028c4b37dc1d245bba.png""}, ""address""=>""NO DESCRIPT"", ""company_name""=>""LIGHTHOUSES RESTAURANT""}"
692400580,3/20/2015 20:04:01,1594829367,3/20/2015 20:01:04,false,clixsense,1,28039383,JPN,"","",43.226.29.247,405 N Vineyard Ave,no,bombaycuisine,oceix,05/04/2014,10/111/2014,22.65,49.85,"{""date""=>""05/04/2014"", ""total""=>""22.65"", ""cc_data_0""=>{""image_url""=>""http://habrastorage.org/files/32e/a2b/84e/32ea2b84e02b4cc68442d84dc7163a17.jpg""}, ""address""=>""405 N VINEYARD AVE"", ""company_name""=>""CUISINE OF INDIA""}","{""date""=>""10/03/2015"", ""total""=>""49.85"", ""cc_data_0""=>{""image_url""=>""http://habrastorage.org/files/912/edd/443/912edd4438374881b1717249568f792c.jpg""}, ""address""=>""24"", ""company_name""=>""DINING""}"
692400586,3/20/2015 20:36:45,1594869306,3/20/2015 20:31:09,false,neodev,1.0,28800272,DOM,05,Santo Domingo,179.53.187.16,N/A,740 E. Valley Blvd. Alhambra .CA 91801,Crabapples Neighborhood Grill & Bar,Top Island Seafood Restaurant,14/08/2014,04/02/2009,85.39,122.19,"{""date""=>""08/14/2009"", ""total""=>""85.39"", ""cc_data_0""=>{""image_url""=>""http://habrastorage.org/files/22b/f5f/d46/22bf5fd46a41416eb5d6523f52eaa9e0.jpg""}, ""address""=>""N/A"", ""company_name""=>""Crabapples Neighborhood Grill & Bar""}","{""date""=>""04/02/2009"", ""total""=>""122.19"", ""cc_data_0""=>{""image_url""=>""http://habrastorage.org/files/ddd/9ae/db7/ddd9aedb7ac743248a06d7f91a5cee53.jpg""}, ""address""=>""740 E. Valley Blvd. Alhambra .CA 91801"", ""company_name""=>""Top Island Seafood Restaurant""}"
692400588,3/20/2015 20:05:02,1594830689,3/20/2015 20:01:08,false,clixsense,1,29155672,DOM,05,Santo Domingo,179.53.162.71,11 CHEONG CHIN NAM RD SINGAPORE 599736,"250 Walnut Street Englewood, NJ 07631",AL AZHAR EATING RESTAURANT PTE LTD,The Foodman Cafe,05/25/2012,07/08/2010,44.30,31.77,"{""date""=>""05/25/2012"", ""total""=>""44.30"", ""cc_data_0""=>{""image_url""=>""http://habrastorage.org/files/838/d30/ae4/838d30ae47d647279435bf1ed75d01e3.PNG""}, ""address""=>""11CHEONG CHIN NAM RD SINGAPORE 599736"", ""company_name""=>""AL AZHAR EATING RESTAURANT PTE LTD""}","{""date""=>""08/07/2010"", ""total""=>""31.77"", ""cc_data_0""=>{""image_url""=>""http://habrastorage.org/files/6b8/7cf/eae/6b87cfeae5c240ee9fbc225a5cba727e.jpg""}, ""address""=>""250 Walnut Street Englewood, NJ 07631"", ""company_name""=>""The Foodman Cafe""}"
692400593,3/20/2015 20:11:29,1594838714,3/20/2015 20:03:28,false,elite,1,28143968,ROU,10,Bucharest,86.125.139.169,123 lakeside way,"280 bleecker st. new york, ny 10014",the coffee connection,fish,11/10/2013,07/03/2012,62.04,30.98,"{""date""=>""11/10/2013"", ""total""=>""62.04"", ""cc_data_0""=>{""image_url""=>""http://habrastorage.org/files/4f5/42b/238/4f542b2382314659b6171bb2dab65d55.jpg""}, ""address""=>""123 lakesida way"", ""company_name""=>""the coffee connection""}","{""date""=>""07/03/2011"", ""total""=>""30.98"", ""cc_data_0""=>{""image_url""=>""http://habrastorage.org/files/d78/35d/be5/d7835dbe5d3849c0a81a9c9d201af979.jpg""}, ""address""=>""280 bleecker st. new york, ny 10014"", ""company_name""=>""fish""}"
692400626,3/20/2015 20:06:11,1594832033,3/20/2015 20:01:10,false,neodev,1,27829625,IDN,04,Jakarta,180.214.233.90,"79-19 Roosevelt Ave. Jackson Heights, NY 11372","Store City, Store State Store Zipcode",COSITAS RICAS,Happy Food Company,01/14/2012,01/02/2006,30.45,123.41,"{""date""=>""01/14/2012"", ""total""=>""30.45"", ""cc_data_0""=>{""image_url""=>""http://habrastorage.org/files/4f9/add/357/4f9add357368491aaab685b336a11870.jpg""}, ""address""=>""79-19 roosevelt ave. jackson heights, NY 11372"", ""company_name""=>""cositas ricas""}","{""date""=>""01/02/2006"", ""total""=>""123.41"", ""cc_data_0""=>{""image_url""=>""http://habrastorage.org/files/ae5/215/c07/ae5215c07abd48d1aa710061c65569cc.jpg""}, ""address""=>""store city, store state store zipcode"", ""company_name""=>""happy food company""}"
692400660,3/20/2015 20:02:06,1594827200,3/20/2015 20:01:10,false,neodev,1,31388079,BIH,01,Sarajevo,77.239.3.134,"535 east santa clara st san jose, ca",419 John,Vung Tau,One Mill Street,08/22/2013,01/09/2003,20.34,129.15,"{""date""=>""08/22/2013"", ""total""=>""20.34"", ""cc_data_0""=>{""image_url""=>""http://habrastorage.org/files/29f/00c/e16/29f00ce1662d48cfa5e0ee7c69718278.jpg""}, ""address""=>""535 East Santa Clara St San Jose, CA"", ""company_name""=>""Vung Tau""}","{""date""=>""01/09/2003"", ""total""=>""129.15"", ""cc_data_0""=>{""image_url""=>""http://habrastorage.org/files/a80/fba/871/a80fba8710514cd19c1e1672c047a5f4.jpg""}, ""address""=>""419 John"", ""company_name""=>""ONE MILL STREET""}"
692400694,3/20/2015 20:02:34,1594827627,3/20/2015 20:01:10,false,gifthunterclub,1,31557822,ESP,"","",87.221.141.211,535 East Santa Clara St,"255 East 6th Street Charlotte, NC 28202",Vung Tau,Queen City Q,04/03/2013,01/07/2013,39015,33.0,"{""date""=>""04/03/2013"", ""total""=>""39.15"", ""cc_data_0""=>{""image_url""=>""http://habrastorage.org/files/01a/a40/810/01aa40810d044a75a19fbbbfe662a508.jpg""}, ""address""=>""535 East Santa Clara St San Jose. CA"", ""company_name""=>""Vung Tau""}","{""date""=>""01/07/2013"", ""total""=>""33.00"", ""cc_data_0""=>{""image_url""=>""http://habrastorage.org/files/1bf/8f2/e72/1bf8f2e728b043d7b5995d17526a4727.jpg""}, ""address""=>""225 East 6TH STREET CHARLOTTE, NC 28202"", ""company_name""=>""Queen City Q""}"
692400756,3/20/2015 20:04:52,1594830535,3/20/2015 20:01:10,false,neodev,1,30370974,BRA,30,Gravatá,177.101.160.3,1394,"310 N HARBOR BLVD FULLERTON, CA 92832",MCDONALDS,LIZARRAN,05/22/2013,06/29/2009,29.46,79.47,"{""date""=>""05/22/2013"", ""total""=>""29.46"", ""cc_data_0""=>{""image_url""=>""http://habrastorage.org/files/b32/666/525/b326665253224936be2aadc4ea4ee9d4.JPG""}, ""address""=>""1394"", ""company_name""=>""CHOOSING MCDONALDS""}","{""date""=>""06/29/2009"", ""total""=>""79.47"", ""cc_data_0""=>{""image_url""=>""http://habrastorage.org/files/8ad/7df/bb2/8ad7dfbb2fe94e9382770d911744f4e1.jpg""}, ""address""=>""310 N Harbor Blvd Fullerton, CA 92832"", ""company_name""=>""Lizarran""}"
692406349,3/20/2015 20:04:25,1594829826,3/20/2015 20:01:13,false,neodev,1,27681832,BIH,01,Sarajevo,109.175.102.232,-,-,-,AZTECA RESTAURANT,-,01/24/2013,-,12.14,"{""date""=>""01/22/2010"", ""total""=>""645.70"", ""cc_data_0""=>{""image_url""=>""http://habrastorage.org/files/31b/ab5/5cf/31bab55cfadc456a9c9901b9bf806bbe.jpg""}, ""address""=>""3000 M Street NW Washington, DC 20007"", ""company_name""=>""EPICURYAN""}","{""date""=>""02/24/2014"", ""total""=>""12.14"", ""cc_data_0""=>{""image_url""=>""http://habrastorage.org/files/f3a/45e/430/f3a45e430d1249e286da92f26a11d489.jpg""}, ""address""=>""-------------"", ""company_name""=>""azteca restauorant""}"
