_unit_id,_created_at,_id,_started_at,_tainted,_channel,_trust,_worker_id,_country,_region,_city,_ip,spending_type0,spending_type1,spending_type2,spending_type3,cc_data_0,cc_data_1,cc_data_2,cc_data_3
692044273,3/19/2015 19:09:24,1594053709,3/19/2015 19:06:54,false,clixsense,1.0,31805771,SVN,52,Kranj,89.212.173.194,Meal,Meal,Meal,Meal,"{""date""=>""11/11/2011"", ""total""=>""22.35"", ""cc_data_0""=>{""image_url""=>""http://habrastorage.org/files/04d/10d/54d/04d10d54dee242d988d4ff28a8029743.jpg""}, ""address""=>""23 Serangon"", ""company_name""=>""Grandma's Restaurant""}","{""date""=>""01/19/2013"", ""total""=>""169.82"", ""cc_data_0""=>{""image_url""=>""http://habrastorage.org/files/96f/070/0e6/96f0700e6adf4ee19588dec8f3400c5c.jpg""}, ""address""=>""300 72th Street Miami Beach f1 33131"", ""company_name""=>""George's Restaurant""}","{""date""=>""07/12/2012"", ""total""=>""30.98"", ""cc_data_0""=>{""image_url""=>""http://habrastorage.org/files/d78/35d/be5/d7835dbe5d3849c0a81a9c9d201af979.jpg""}, ""address""=>""280 Bleecker St."", ""company_name""=>""FISH""}","{""date""=>""08/22/2009"", ""total""=>""153,12"", ""cc_data_0""=>{""image_url""=>""http://habrastorage.org/files/7d0/5c1/982/7d05c19820ea40028c4b37dc1d245bba.png""}, ""address""=>""JASON S"", ""company_name""=>""Lighthouse Restaurant""}"
692044308,3/19/2015 19:08:53,1594053550,3/19/2015 19:07:52,false,elite,1.0,31039900,TUR,"","",176.232.38.60,Meal,Meal,Meal,Meal,"{""date""=>""10/25/2012"", ""total""=>""431.95"", ""cc_data_0""=>{""image_url""=>""http://habrastorage.org/files/df8/823/f8b/df8823f8be7346a1945047d7128a47b6.jpg""}, ""address""=>""72 Boat quay"", ""company_name""=>""absinthe""}","{""date""=>""01/14/2012"", ""total""=>""30.45"", ""cc_data_0""=>{""image_url""=>""http://habrastorage.org/files/4f9/add/357/4f9add357368491aaab685b336a11870.jpg""}, ""address""=>""79-19 roosevelt ave."", ""company_name""=>""cositas ricas""}","{""date""=>""06/29/2008"", ""total""=>""79.47"", ""cc_data_0""=>{""image_url""=>""http://habrastorage.org/files/8ad/7df/bb2/8ad7dfbb2fe94e9382770d911744f4e1.jpg""}, ""address""=>""310 n harbor blvd fullerton, ca, 92832"", ""company_name""=>""lizarran""}","{""date""=>""12/09/2012"", ""total""=>""65.66"", ""cc_data_0""=>{""image_url""=>""http://habrastorage.org/files/135/cd3/eca/135cd3ecab0646f2b2cd7924b1e0105f.jpg""}, ""address""=>""1007 Kane Concourse 305 861-2222"", ""company_name""=>""Asia Bay""}"
692044334,3/19/2015 19:08:33,1594053424,3/19/2015 19:07:52,false,elite,1.0,32086574,DEU,07,Köln,87.78.3.93,Meal,Meal,Meal,Meal,"{""date""=>""08/22/2013"", ""total""=>""20.34"", ""cc_data_0""=>{""image_url""=>""http://habrastorage.org/files/29f/00c/e16/29f00ce1662d48cfa5e0ee7c69718278.jpg""}, ""address""=>""535 East Danta Clara St, San Hose, CA"", ""company_name""=>""Vung Tau""}","{""date""=>""11/10/2013"", ""total""=>""62.04"", ""cc_data_0""=>{""image_url""=>""http://habrastorage.org/files/4f5/42b/238/4f542b2382314659b6171bb2dab65d55.jpg""}, ""address""=>""123 lakeside way"", ""company_name""=>""the coffee connection""}","{""date""=>""04/02/2009"", ""total""=>""122.19"", ""cc_data_0""=>{""image_url""=>""http://habrastorage.org/files/ddd/9ae/db7/ddd9aedb7ac743248a06d7f91a5cee53.jpg""}, ""address""=>""740 E. Valley Blvd. Alhambra, CA 91801"", ""company_name""=>""Top Island Seafood Restaurant""}","{""date""=>""05/01/2013"", ""total""=>""139.36"", ""cc_data_0""=>{""image_url""=>""http://habrastorage.org/files/69e/1ee/3f4/69e1ee3f4cfa437798e563fee1641ddd.jpg""}, ""address""=>""318 E 6th STREET NEW YORK, NY 10003"", ""company_name""=>""MALAJ MARKE""}"
692044374,3/19/2015 19:11:04,1594054477,3/19/2015 19:08:10,false,clixsense,1.0,30601402,ARG,01,Mar Del Plata,190.190.200.70,Meal,Other,Meal,Meal,"{""date""=>""01/09/2003"", ""total""=>""129.15"", ""cc_data_0""=>{""image_url""=>""http://habrastorage.org/files/a80/fba/871/a80fba8710514cd19c1e1672c047a5f4.jpg""}, ""address""=>""ONE MILL STREET"", ""company_name""=>""ONE MILL STREET""}","{""date""=>""04/03/2013"", ""total""=>""39.15"", ""cc_data_0""=>{""image_url""=>""http://habrastorage.org/files/01a/a40/810/01aa40810d044a75a19fbbbfe662a508.jpg""}, ""address""=>""535 East Santa Clara St San Jose, CA"", ""company_name""=>""Vung Tau""}","{""date""=>""14/06/2007"", ""total""=>""18:53"", ""cc_data_0""=>{""image_url""=>""http://habrastorage.org/files/c46/c1b/abe/c46c1babeb7c440c85e5df9accb0280f.jpg""}, ""address""=>""#02-99/101 CITY PLAZA SINGAPORE 409286"", ""company_name""=>""ARNOLD'S FRIED CHICKEN PTE LTD""}","{""date""=>""07/01/2013"", ""total""=>""33.00"", ""cc_data_0""=>{""image_url""=>""http://habrastorage.org/files/1bf/8f2/e72/1bf8f2e728b043d7b5995d17526a4727.jpg""}, ""address""=>""225 EAST 6TH STREET CHARLOTTE, NC 28202"", ""company_name""=>""QUEEN CITY Q""}"
692044394,3/19/2015 19:10:09,1594054078,3/19/2015 19:09:12,false,elite,1.0,31797929,COL,29,Cali,181.134.204.36,Meal,Other,Meal,Meal,"{""date""=>""01/02/2015"", ""total""=>""140.67"", ""cc_data_0""=>{""image_url""=>""http://habrastorage.org/files/7ec/3b6/a44/7ec3b6a4476842e6a13d42bc8ca11383.jpg""}, ""address""=>""17399 Biscayne Blvd Miami"", ""company_name""=>""Morton's The Steakhouse""}","{""date""=>""07/27/2010"", ""total""=>""18.65"", ""cc_data_0""=>{""image_url""=>""http://habrastorage.org/files/1cb/abc/ea5/1cbabcea57c345e7a962d68e54935ad6.jpg""}, ""address""=>""11 North  Wabash, Chicago, Il 60602"", ""company_name""=>""STAPLES""}","{""date""=>""11/08/2014"", ""total""=>""0"", ""cc_data_0""=>{""image_url""=>""http://habrastorage.org/files/67f/175/3a0/67f1753a022e41e0be49857e9183be15.jpg""}, ""address""=>""LOCATION #495"", ""company_name""=>""BJ'S SAN RAFAEL""}","{""date""=>""08/10/2011"", ""total""=>""$6.50"", ""cc_data_0""=>{""image_url""=>""http://habrastorage.org/files/2f7/ca5/252/2f7ca52523f84e9d90d3285f353db60f.jpg""}, ""address""=>""103 S.Ogden Street,Denver,CO 80209"", ""company_name""=>""Ogden Street South""}"
692044417,3/19/2015 19:41:01,1594068406,3/19/2015 19:39:16,false,clixsense,1.0,14472685,IND,02,Vijayawada,175.101.67.168,Meal,Meal,Meal,Meal,"{""date""=>""05/22/2013"", ""total""=>""29.46"", ""cc_data_0""=>{""image_url""=>""http://habrastorage.org/files/b32/666/525/b326665253224936be2aadc4ea4ee9d4.JPG""}, ""address""=>""1349"", ""company_name""=>""MCdonalds""}","{""date""=>""09/11/2012"", ""total""=>""1289.60"", ""cc_data_0""=>{""image_url""=>""http://habrastorage.org/files/ac0/fe7/16b/ac0fe716ba874da591a246c4c2fcdff6.jpg""}, ""address""=>""311 W, 43 Street .  New York, NY 10036"", ""company_name""=>""Hakkasan""}","{""date""=>""10/17/2012"", ""total""=>""53.32"", ""cc_data_0""=>{""image_url""=>""http://habrastorage.org/files/912/edd/443/912edd4438374881b1717249568f792c.jpg""}, ""address""=>""170 West Channel Road, Santa Monica, CA  90402"", ""company_name""=>""main dububg Monica""}","{""date""=>""03/01/2014"", ""total""=>""7.55"", ""cc_data_0""=>{""image_url""=>""http://habrastorage.org/files/158/722/4d7/1587224d72de485eb7aed42070fafdda.jpg""}, ""address""=>""1351 S Beach Blvd., Suite H La Habra, CA 90631"", ""company_name""=>""RICARDO'S EL RANCHITO""}"
692044449,3/19/2015 19:09:47,1594053900,3/19/2015 19:09:13,false,elite,1.0,31039900,TUR,"","",176.232.38.60,Meal,Meal,Meal,Other,"{""date""=>""01/24/2013"", ""total""=>""12.14"", ""cc_data_0""=>{""image_url""=>""http://habrastorage.org/files/f3a/45e/430/f3a45e430d1249e286da92f26a11d489.jpg""}, ""address""=>""9505 Baltimore Ave College Park, MD 20740"", ""company_name""=>""azteca restaurant""}","{""date""=>""06/21/2013"", ""total""=>""12.83"", ""cc_data_0""=>{""image_url""=>""http://habrastorage.org/files/e98/6bd/072/e986bd072cec429eaf0949d06c78dfe6.jpg""}, ""address""=>""Brea, CA 92821"", ""company_name""=>""FARRELL'S""}","{""date""=>""05/25/2012"", ""total""=>""47.40"", ""cc_data_0""=>{""image_url""=>""http://habrastorage.org/files/838/d30/ae4/838d30ae47d647279435bf1ed75d01e3.PNG""}, ""address""=>""11 CHEONG CHIN NAM RD SINGAPORE 599736"", ""company_name""=>""AL  AZHAR EATING RESTAURANT PPTE LTD""}","{""date""=>""01/02/2006"", ""total""=>""123,41"", ""cc_data_0""=>{""image_url""=>""http://habrastorage.org/files/ae5/215/c07/ae5215c07abd48d1aa710061c65569cc.jpg""}, ""address""=>""store city ,store states store zipcode store counhtry"", ""company_name""=>""happy food""}"
692045473,3/19/2015 19:20:21,1594058645,3/19/2015 19:18:16,false,elite,1.0,31797929,COL,29,Cali,181.134.204.36,Meal,Meal,Meal,Other,"{""date""=>""01/14/2012"", ""total""=>""30.45"", ""cc_data_0""=>{""image_url""=>""http://habrastorage.org/files/d60/74d/d17/d6074dd172e74fa2bf97c9d6908615e3.jpg""}, ""address""=>""79-19 Roosevelt Ave., Jackson Heights, NY 11372"", ""company_name""=>""COSITAS RICAS""}","{""date""=>""08/07/2010"", ""total""=>""31.77"", ""cc_data_0""=>{""image_url""=>""http://habrastorage.org/files/6b8/7cf/eae/6b87cfeae5c240ee9fbc225a5cba727e.jpg""}, ""address""=>""250 Walnut Street Englewood NJ 07631"", ""company_name""=>""The Foodman Cafe""}","{""date""=>""02/01/2015"", ""total""=>""645.70"", ""cc_data_0""=>{""image_url""=>""http://habrastorage.org/files/31b/ab5/5cf/31bab55cfadc456a9c9901b9bf806bbe.jpg""}, ""address""=>""same 123"", ""company_name""=>""no coments""}","{""date""=>""01/00/1111"", ""total""=>""none"", ""cc_data_0""=>{""image_url""=>""http://habrastorage.org/files/961/680/6c0/9616806c02e14161a2026e2dd8c212b8.jpg""}, ""address""=>""none"", ""company_name""=>""none""}"
692048608,3/19/2015 19:38:44,1594067312,3/19/2015 19:38:00,false,elite,1.0,31797929,COL,29,Cali,181.134.204.36,Other,Meal,Meal,Transportation,"{""date""=>""01/00/1111"", ""total""=>""none"", ""cc_data_0""=>{""image_url""=>""http://habrastorage.org/files/961/680/6c0/9616806c02e14161a2026e2dd8c212b8.jpg""}, ""address""=>""none"", ""company_name""=>""none""}","{""date""=>""03/15/2008"", ""total""=>""48.76"", ""cc_data_0""=>{""image_url""=>""http://habrastorage.org/files/751/760/dc5/751760dc53cb483a85e7704c5a164e2e.jpg""}, ""address""=>""591 City Island Ave"", ""company_name""=>""Seashore""}","{""date""=>""05/04/2014"", ""total""=>""22.65"", ""cc_data_0""=>{""image_url""=>""http://habrastorage.org/files/32e/a2b/84e/32ea2b84e02b4cc68442d84dc7163a17.jpg""}, ""address""=>""405 N. Vineyard Ave., Ontario, CA 91764"", ""company_name""=>""Bombay Restaurant""}","{""date""=>""12/12/2014"", ""total""=>""90.00"", ""cc_data_0""=>{""image_url""=>""http://habrastorage.org/files/d6f/01f/08c/d6f01f08c21145bbb504e73ba1d849e5.jpg""}, ""address""=>""new york"", ""company_name""=>""yelow cab""}"
